4
64 128 64 10 
64 128
-0.00386464 0.090783 -0.00838476 0.0690003 0.0316488 0.126057 -0.0282386 0.0274759 -0.0573972 0.14332 -0.111205 0.198685 -0.0832552 -0.172877 -0.076565 0.033397 0.0266678 0.0373399 0.112525 0.0200994 -0.0175055 0.104714 0.0337788 0.0443755 -0.0206937 0.0176057 0.221069 0.036599 -0.0207817 0.088098 -0.0327163 0.114799 -0.10469 -0.0241918 0.0462987 0.0569535 0.00588167 0.228399 0.087919 0.0768963 0.101546 0.0722388 -0.235108 0.287288 -0.0283223 0.142548 0.070031 0.072315 -0.103032 0.0923538 -0.00780809 -0.00570422 0.129195 0.021007 0.0758461 -0.194811 -0.0448156 -0.100146 0.162741 0.055504 -0.0302015 0.0209017 -0.0265988 0.037518 0.0109288 -0.0365499 -0.015691 0.281913 0.047566 -0.00993104 -0.0151506 0.0965353 0.00862472 0.0510834 -0.179802 -0.0308149 0.11729 0.222721 0.124029 0.0488034 0.0488003 0.00557216 -0.245265 -0.196301 0.173079 0.123208 0.00738275 0.0968051 -0.285862 0.0217084 0.00250828 -0.0165423 -0.156493 -0.00701492 -0.106304 -0.0164742 -0.143481 -0.0970768 0.0275965 -0.096703 0.110079 -0.0780847 0.102839 0.0235035 -0.0214608 -0.184921 -0.163179 -0.161746 0.137296 0.072699 -0.235286 -0.292044 -0.273226 0.240245 0.00488192 0.0234617 0.0808443 0.0461002 -0.0131185 -0.0238621 -0.102159 0.0756205 0.0199607 -0.221445 0.0278643 0.0486254 0.178314 0.178776
0.0461813 0.0495072 -0.0056573 -0.0235518 0.0436407 -0.0579647 0.112761 0.161746 -0.305535 0.0668055 -0.00974863 0.0665844 -0.223304 -0.00202659 -0.0444236 0.0377171 0.00892722 -0.14858 -0.0333494 0.21757 0.0362583 -0.0246507 -0.0603502 -0.123895 -0.242422 -0.0451992 0.0862596 0.191369 0.0752948 -0.243714 -0.088207 -0.127399 -0.0346849 -0.218626 -0.20409 -0.065522 0.0109357 0.108038 -0.0463601 -0.125038 0.0635494 -0.0158106 -0.148072 -0.14242 -0.431929 -0.0435288 0.193534 0.0519718 -0.00461176 0.134921 0.140886 -0.00468811 0.0604348 -0.0863533 0.0030212 0.178426 -0.123086 0.0856728 0.0129219 -0.0151568 0.0680253 -0.180564 0.0075596 0.00353906 0.111811 -0.0624345 -0.217784 -0.0102489 0.145535 0.190269 -0.0270802 0.147884 0.192705 0.094454 0.0623884 -0.128118 0.159601 0.119264 0.0346917 -0.115777 0.0805163 -0.107083 -0.00800235 0.140638 0.074052 -0.0208638 0.0873654 -0.00835365 -0.00525923 0.0270779 0.162839 -0.274831 0.213677 0.115318 -0.0816768 -0.185512 0.17194 -0.0820562 0.0691139 -0.0434493 -0.210048 0.062269 0.0949611 -0.00879969 0.0599692 0.0756371 -0.00684472 -0.0697112 0.0565127 0.221621 -0.0188762 -0.0240749 0.0747722 0.227147 -0.0233956 -0.0734945 0.0178574 -0.0201595 -0.145702 0.0023779 0.0269849 0.0493724 -0.0524535 -0.0625927 -0.116925 -0.0599484 -0.156864 0.118322
0.0193817 0.130231 -0.153607 0.00382493 -0.0324612 0.017074 0.290419 0.0569119 -0.0568774 0.0106886 -0.0314119 -0.141304 -0.184986 0.229605 0.12656 -0.277318 0.159273 -0.0530845 -0.107309 0.0165626 0.0308101 -0.00256998 -0.120853 0.0666196 -0.111505 -0.0549931 0.0277748 -0.0642373 0.00574636 -0.540469 0.019471 -0.169522 -0.220946 -0.0125554 -0.117749 -0.0166957 0.013442 0.0473389 0.292685 0.106387 0.0669399 0.0704524 0.0393834 0.418491 -0.0952485 0.0428696 -0.000360538 -0.25108 -0.0627078 -0.240682 0.0873759 -0.0449394 -0.10307 -0.00426284 0.0282584 0.232622 -0.192737 -0.140222 -0.131604 0.0789791 0.232517 0.0243526 -0.0358597 0.247853 0.0121414 0.0596161 0.309404 0.100516 0.181393 -0.0561041 0.178074 -0.0448588 0.163589 0.167092 0.0254406 0.225119 0.190026 -0.126541 0.14321 -0.313422 -0.133112 -0.0532362 0.0898694 -0.00659404 0.157613 -0.0126114 -0.0478387 0.193444 0.0823041 -0.15482 -0.00352294 0.00502368 0.0100182 0.0813245 -0.0245432 -0.131914 -0.0399589 -0.155924 -0.0633661 -0.046191 0.0297391 -0.00282738 0.111152 0.0461639 -0.125668 0.118102 -0.00820317 -0.0724633 0.00548399 0.137532 -0.232053 0.0551642 0.208227 -0.0432119 -0.153534 0.10366 -0.516589 0.0954595 -0.273207 0.0239609 -0.053582 -0.0309345 -0.108658 -0.155355 -0.170902 -0.0788941 0.212456 -0.0326178
0.134114 0.176955 0.113374 -0.134547 0.0594999 0.552909 0.0221387 0.285163 0.0829972 0.0594032 -0.00345697 -0.0218264 -0.147903 -0.207525 -0.189583 -0.0525845 0.424063 -0.0123134 0.142267 0.16282 -0.0261865 0.0534971 0.0637699 -0.136064 -0.0999741 -0.0245646 0.0313524 -0.0446555 0.160491 0.0204095 -0.106801 0.00410608 0.220596 0.0897872 -0.0567429 -0.0408941 0.00491725 -0.108521 0.00208489 -0.0297917 0.0414765 -0.10182 0.103108 -0.0208415 0.102681 0.205711 0.0774472 -0.162486 -0.0470742 -0.233636 0.254306 -0.00517202 -0.00229704 -0.0741489 0.161122 0.184259 -0.33659 0.0162231 -0.299018 -0.00588427 0.138265 -0.00154616 0.0472037 -0.122188 0.0581109 -0.106759 0.187749 0.127787 0.0400762 0.0906691 0.127161 -0.085303 0.0683498 0.134344 -0.00639214 0.0313171 0.115792 0.136913 0.108591 0.326985 0.0121768 0.0181661 0.146367 -0.0368985 0.117767 0.0954508 -0.0584144 0.191935 0.132832 0.00222967 -0.105949 0.156335 -0.0777426 0.0314842 0.0294064 -0.104378 -0.113541 0.170542 -0.0368306 -0.101862 -0.0445703 -0.0746225 -0.033589 0.143966 0.112369 0.00869109 0.0399806 0.0753279 -0.0344545 -0.0292834 -0.0212662 0.0210005 0.0592656 -0.306648 -0.115107 -0.0405903 -0.160696 0.0893815 -0.156635 -0.00120363 -0.310373 -0.092507 -0.0665169 -0.19214 -0.115426 0.14782 -0.00814488 -0.0359537
-0.0677099 0.0474325 0.173059 -0.029604 -0.0679645 -0.13462 0.0618405 0.104878 0.0348856 0.0865195 0.0796619 -0.0318776 0.047759 0.0034941 0.0791208 0.0913237 -0.0426814 0.136573 0.233764 0.0768724 -0.0254721 -0.0322105 -0.219624 -0.108589 0.112985 0.213397 -0.109035 0.206435 0.060663 0.137712 -0.261786 0.236979 -0.00513411 -0.203158 -0.0946744 0.0214405 0.257213 -0.0381391 0.0183844 -0.142813 0.122041 0.260226 -0.17198 -0.015338 -0.110736 0.00370253 -0.0301355 -0.197652 -0.0259747 -0.217334 0.015273 -0.013041 0.0232337 0.0232853 0.0396185 0.120589 -0.119116 -0.147154 -0.268684 0.249202 -0.0662295 0.0413767 0.0713284 -0.144423 0.00458618 -0.0685783 0.0693522 -0.0736533 0.178137 0.213243 0.0972502 -0.128667 0.0874516 0.139228 -0.347004 -0.264406 0.0248935 -0.116142 0.271856 -0.125736 0.123587 0.087512 -0.270793 -0.00297328 0.251308 -0.0270442 -0.0935357 0.0467671 -0.173062 0.0386751 -0.220758 0.00097008 -0.154481 0.13465 0.189124 0.0697846 0.10027 -0.0725894 -0.0181052 -0.135274 -0.107218 -0.0339239 0.171585 -0.00874414 -0.0738832 -0.244025 0.121329 0.0841359 0.069032 0.079392 0.113463 0.0469971 0.209404 -0.000329706 -0.0911464 0.0272155 -0.257265 -0.000711444 -0.000199457 0.0553327 -0.0187438 -0.102393 0.0100457 -0.209912 -0.0283386 -0.0614661 0.108578 0.286972
-0.096254 -0.0562811 -0.0213469 -0.10305 -0.0995974 -0.527094 0.157396 0.0951151 0.108362 0.20312 0.00465676 0.0210534 -0.0626476 -0.281838 0.0484702 0.00461571 -0.228472 0.144432 0.147336 -0.028912 0.0464845 -0.16554 0.134 -0.0903363 0.00854257 -0.0781712 0.0261926 0.154268 -0.19321 0.0190097 -0.103488 -0.042536 0.14528 0.0725943 -0.122776 -0.102248 0.171059 -0.136221 0.000354025 -0.139316 -0.0758794 0.10158 -0.0816976 -0.316977 -0.00949111 0.037041 -0.0955212 -0.0427548 0.0753166 0.116458 -0.0629717 -0.174085 0.165591 -0.365842 0.124566 0.0926464 -0.478303 -0.0176236 -0.0907431 -0.027804 0.025851 0.0152224 0.00215729 -0.0668927 0.00553093 0.0129566 -0.0249291 0.119391 -0.32518 0.236843 0.270034 -0.20909 0.0460569 -0.0682758 0.00669678 -0.10989 0.069402 0.00480847 -0.0184137 -0.0345259 0.210494 -0.310792 -0.0978007 -0.0318169 0.0842702 0.138133 0.0406837 -0.0786033 -0.0610924 -0.289259 0.015323 0.0868687 0.00754231 -0.0759684 -0.159798 0.00642519 0.0204543 0.137165 0.018807 0.0277072 0.0439421 0.124873 -0.066196 -0.126381 0.0888787 0.0682038 -0.0935796 -0.206263 0.0480669 0.18772 -0.0528114 0.189833 0.252384 0.0441259 0.0176546 0.00548973 -0.145097 -0.0195975 -0.213276 0.217815 -0.0271835 0.15848 -0.0809075 -0.44054 0.175705 0.140367 -0.00845116 0.0725386
0.0229239 -0.0464261 0.212731 -0.0531967 -0.0130841 -0.103094 0.111189 0.120393 -0.128545 0.0948393 0.109549 0.0592617 -0.00241103 0.101119 -0.0048189 -0.0838471 0.161363 0.0800773 -0.0134905 0.0627705 -0.0414424 0.111743 0.0141726 0.057049 -0.20738 -0.168423 0.0812082 0.149429 0.208578 0.00743536 -0.112781 0.036144 -0.044502 0.0108676 0.0451125 0.0641534 -0.000192969 -0.0829126 0.122836 -0.0122629 -0.0550633 -0.0461052 0.0240699 -0.0254942 -0.163461 0.135985 0.0948244 -0.122315 -0.0938225 0.100448 -0.0305954 0.182924 -0.435832 0.0381339 0.0078466 0.15985 -0.0778379 0.1617 0.0223979 -0.0971674 -0.0877834 0.0074673 0.0853082 -0.171218 0.113166 0.0232604 0.0597543 0.0215805 -0.158982 -0.107976 0.120607 0.139979 0.168283 0.128591 0.454003 0.0457428 0.0537239 -0.0201526 -0.0273808 -0.247432 0.0570559 -0.0834623 -0.00680484 -0.121322 -0.0557874 -0.0536915 0.122547 0.0223358 -0.0435605 -0.454737 -0.103992 -0.0924863 0.0219404 -0.115633 -0.0218637 -0.0707377 0.0996585 -0.228437 0.0374558 -0.215917 0.124896 0.0940643 0.0714297 0.0793401 -0.0198095 -0.0325127 -0.0496303 -0.138719 0.00931479 0.396024 0.0247457 0.246774 0.115278 0.092239 -0.0543289 0.0695126 0.000387844 0.000566014 0.0575375 0.0727663 -0.104083 -0.00140271 0.061379 -0.369966 -0.0208098 -0.0804014 -0.0370232 0.0628652
-0.0295783 0.0686378 -0.0532228 -0.0445168 -0.159654 0.106475 -0.12992 -0.314489 -0.0715584 0.0557203 -0.354769 0.174736 -0.11489 0.0227342 -0.0385313 -0.205454 0.00865559 0.0951482 0.00327945 -0.0221942 0.0365015 -0.235739 -0.048899 -0.0295589 -0.0160602 0.13696 0.0606618 0.0982114 -0.186351 0.128142 0.200279 0.0875777 0.0877747 -0.0951501 0.00901244 -0.139004 0.0674634 0.0585709 0.125375 -0.0829194 -0.0691233 -0.0922818 0.0601654 -0.000501057 -0.308228 -0.15983 0.0473251 -0.0658359 -0.152452 -0.0393841 -0.0344657 -0.148489 -0.0407691 0.144039 0.0399681 -0.187826 -0.332053 0.0288703 0.0850715 -0.032599 0.0455487 0.20448 -0.0443556 0.0311838 0.059393 -0.0103662 -0.276007 0.155195 -0.0140774 -0.0901433 -0.0756691 -0.122088 -0.0257253 0.290547 0.148012 0.0363332 -0.136562 0.456658 0.106337 0.0207388 -0.228978 0.118189 0.145271 -0.0275107 -0.0677686 -0.07723 0.234436 -0.145661 0.020577 -0.0672565 0.0895397 -0.0573442 0.112887 -0.0743783 0.171345 -0.00406954 -0.035308 -0.0829892 0.134242 -0.23703 -0.0285863 -0.161859 -0.00164309 0.00435842 -0.0713426 -0.215473 -0.0491668 -0.021945 -0.27074 -0.0861953 0.0061424 -0.0139036 0.204646 0.0938824 0.0126342 -0.022996 -0.116934 0.0466666 0.230065 0.0615455 0.0804365 0.0344645 -0.123545 -0.0163344 0.122353 -0.0787894 0.118811 -0.0383103
-0.00480024 0.064031 -0.0563321 -0.02179 -0.114521 -0.0430567 0.0430187 0.106196 -0.124263 0.0259551 0.0586909 0.098866 -0.0288766 -0.247767 -0.107947 -0.0914079 0.114077 0.0102878 0.0233208 0.206266 0.0987475 -0.0363316 -0.105098 -0.0664865 -0.0756241 -0.106012 -0.0950372 0.00418354 -0.130558 0.116659 -0.243262 0.0407135 0.0712607 0.00992613 -0.0838738 -0.12982 -0.00479407 -0.0773969 -0.0081727 0.170788 -0.0226572 0.141203 -0.0246413 0.205914 -0.0527472 0.193869 0.006161 -0.0269175 0.00882232 0.0613959 -0.0901529 -0.0173374 -0.150409 -0.0510994 0.0232254 -0.262302 0.291096 0.217355 0.0436416 0.0176713 -0.073486 -0.0181681 0.0408584 0.150187 0.00142277 1.23012e-005 0.00386425 0.303132 0.0585645 0.0611155 2.4272e-005 -0.0850351 0.0341417 -0.00172974 0.151864 0.0301704 0.0200468 -0.082625 0.0422404 0.0303979 0.135253 0.0858215 -0.047124 -0.0937769 0.0976008 -0.040113 -0.0580454 -0.0528254 0.10542 0.0513647 0.274134 -0.307848 0.124759 -0.101365 -0.104046 0.0521913 0.186861 -0.316945 0.128596 -0.103567 0.0541199 0.0584388 -0.0464462 0.00725021 0.113226 0.0802065 -0.194411 -0.188746 0.226466 0.0880602 0.0571707 -0.0825419 0.368701 0.00355845 -0.0406204 0.116852 0.179625 -0.034382 -0.536578 -0.0641092 0.293559 -0.275791 0.0412442 0.0764487 0.156936 0.0202395 0.0559584 0.195897
-0.123572 0.0771301 -0.0913836 0.170666 -0.13804 -0.0726195 0.110244 -0.499494 0.0545115 0.154913 -0.417602 -0.222644 0.0567063 -0.107719 -0.0806923 0.10238 -0.0503072 -0.198301 0.0866962 -0.00458979 0.29339 -0.113293 -0.0721138 0.0510955 -0.158565 0.35971 -0.0819956 -0.0739569 0.171065 -0.116029 0.0997481 -0.0372537 -0.0125169 0.41834 0.075527 -0.0426238 -0.0454313 -0.126972 0.255042 0.038675 -0.0673725 -0.052178 -0.0673081 0.333728 -0.18893 0.229113 -0.0133001 -0.045565 0.125058 -0.143817 0.0504598 0.0754519 -0.248236 -0.046254 -0.162049 -0.163238 -0.00360523 0.196566 0.289565 -0.144805 -0.0834257 -0.0589303 -0.0311085 -0.185437 0.0272615 -0.00220456 -0.133171 -0.0446675 -0.277893 -0.0276676 0.0892525 -0.181216 -0.070688 0.0861578 -0.00944409 -0.127309 0.0214665 0.137741 -0.00179695 0.00649012 -0.168451 -0.200784 0.109038 -0.0164304 0.0580451 -0.07562 -0.061201 0.149077 -0.0580668 0.170927 0.0838216 -0.254399 0.326446 -0.0465091 0.382078 0.0419954 -0.269084 -0.0252681 0.140234 -0.50498 0.21993 -0.0655906 0.101191 0.0819673 -0.060089 -0.0381166 0.294729 -0.100315 0.0668212 0.0536395 -0.0925656 0.168063 -0.222185 0.0506787 -0.101073 -0.0547931 0.340512 -0.800409 -0.0238357 0.233 -0.2977 -0.192778 0.0361942 -0.0613333 0.14468 -0.0922991 0.0595409 0.274276
-0.0492316 -0.0465094 0.0454299 0.272128 -0.33534 -0.256294 0.781068 0.17815 0.113821 -0.062347 -0.054095 -0.0861754 -0.783606 -0.133171 0.0650705 -0.224964 0.0194014 -0.00173316 0.168968 -0.110626 0.197651 -0.128896 -0.251311 -0.303378 -0.13414 0.255598 -0.0104021 -0.0310314 0.210615 0.249227 0.024222 0.117411 0.11661 0.888038 0.171486 0.548184 -0.17864 -0.103801 0.399475 0.281123 -0.212225 0.081096 0.742019 0.322735 -0.180679 -0.144043 -0.465243 0.0728348 0.0484237 -0.0507072 -0.120401 0.0805543 -0.0151318 -0.123744 -0.389104 -0.372977 -0.0376315 -0.0611627 -0.232508 0.00584509 0.305161 -0.13698 -0.154852 0.028281 0.101125 -0.361014 -0.109486 -0.183152 -0.353969 -0.273504 -0.110967 -0.160741 0.146854 -0.249715 -0.471887 0.0557135 -0.102655 -0.0904324 0.214664 -0.364197 -0.687398 -0.102096 0.0953789 -0.125084 -0.0256619 -0.100252 -0.467822 0.0749352 0.0571057 0.512899 -0.315047 0.424682 0.462218 0.518016 0.266636 -0.422312 -0.0933371 -0.140027 -1.8197 -0.198262 0.0995223 -0.25161 0.605003 0.437896 -0.0489785 0.178229 -0.377051 0.192125 -0.288385 -0.359328 -0.0478333 -0.013556 -0.222305 0.215506 -0.111927 0.0494469 0.283432 1.19142 0.00631842 0.582228 -0.599864 0.207318 -0.129876 -0.054217 0.0788339 -0.00508865 0.0931864 0.42006
0.428843 0.663109 0.170774 -2.3187 -0.13713 -0.214525 0.329343 0.372391 0.319399 0.102145 -0.114547 0.115033 -0.00355527 -0.014406 -0.171983 -0.180826 -0.190123 0.0269917 0.147529 0.115639 0.102442 0.0841263 -0.495754 -0.325959 0.16571 0.0167697 -0.0226405 0.0821114 0.074585 0.0726053 0.0915069 -0.167231 0.402591 0.224604 0.0213592 0.251966 0.597457 -0.476311 -0.0825242 0.135339 0.0533864 -0.250886 0.0447414 -0.00704538 0.0886921 -0.193661 0.871293 -0.557522 0.194096 -0.305838 -0.241424 -0.0219388 0.218576 0.18195 -0.13705 -1.12614 -0.210167 -0.0663514 -0.425747 0.233033 -0.615991 -0.0263294 -0.385255 -0.51236 -0.119975 0.00917786 -0.0700889 0.0485139 -0.204313 0.12256 -0.244677 0.107046 0.189609 0.336259 -0.196835 0.109932 0.445333 0.153867 -0.995885 0.306496 -0.171029 -0.122783 0.0194983 -0.106475 0.0545293 -0.148211 -0.232146 -0.021466 0.0554761 0.497627 -0.0486439 0.604878 -1.9409 -0.227432 1.12432 0.186979 -0.248215 -0.130466 -0.229158 -0.112022 -0.234304 -0.0401569 0.0205796 0.24194 -0.1744 0.0512311 -0.0381782 0.00436733 -0.312198 -0.0468086 0.196489 0.0080518 0.0149905 0.0397924 0.0630247 -0.0569512 -0.393266 -1.20943 0.30453 0.77474 0.0675059 -0.051277 0.305353 0.0164772 -0.315419 -0.0213127 0.0415667 0.208364
0.68771 -1.44599 0.112263 2.04148 -0.160906 0.197907 0.284534 0.0866712 0.077837 -0.0938381 -0.0453559 -0.0556202 -0.113817 -0.151287 0.381649 -0.104807 0.172298 -0.0765558 -0.0707146 -0.109896 0.200031 -0.051339 -0.129094 -0.417904 -0.151391 -0.123949 0.0493222 0.0935001 0.199129 0.0333114 0.406097 0.140686 0.526436 0.0628007 0.324502 0.597538 0.491725 -0.1357 0.184336 0.254637 0.383241 -0.663746 -0.696483 -0.0401933 0.403527 -0.690527 0.166667 -1.03867 -0.146594 0.0451153 0.786251 -0.207016 1.2328 -0.26399 0.0905696 -1.3729 -0.318479 0.0471792 -0.122994 0.40117 -0.133398 -0.153314 -0.146816 0.303806 -0.281123 -0.157464 -0.159607 -0.0516445 -0.0876731 0.823323 -0.194116 0.389276 -0.0506919 0.25661 0.381057 -0.0912565 0.0844573 -0.279475 -0.0631965 -0.325267 0.0802954 -0.0604811 -0.0340139 0.114657 -0.324905 -0.187231 -0.35292 -0.0244444 -0.274776 -0.272358 -0.531392 0.147839 -0.732187 0.0342622 0.15839 -0.0840135 0.0902103 -0.568158 0.379071 0.037974 0.0418092 -0.379305 -0.226369 -0.29428 0.821524 -0.242904 0.18362 0.391446 -0.905067 -0.0227262 0.68524 0.317043 0.411073 0.0934173 0.227087 -0.229748 -0.228503 0.462354 0.115017 0.418248 -0.48683 -1.05977 -1.75757 -0.0101925 -0.660419 -0.0292009 -0.0689805 0.426237
-1.32082 0.246866 -0.0210829 -0.781186 0.268162 0.473993 0.313727 -0.413055 -0.0982786 0.0308093 -0.562703 -0.0273232 0.239916 0.240517 0.154135 0.86894 0.520611 0.43134 -0.177465 -0.00669668 -0.0930538 0.000717269 0.091869 -0.519029 0.488855 -0.105315 -0.152283 -0.0159675 0.295672 -0.0629655 0.0418042 0.828594 0.69173 -0.446119 0.159822 0.0428918 -2.19068 0.0985088 0.232679 -0.244224 0.0664369 0.1559 -0.0896288 -0.299819 -0.0631406 -0.360044 -0.888418 -0.526383 0.0618878 0.215581 -0.392114 -0.0311974 0.744723 -0.123855 0.305039 -1.12536 0.350082 -1.05899 0.126539 0.184351 0.0959802 0.093971 0.465839 0.193485 -0.37382 0.114616 -0.555591 -0.294504 -0.250325 0.827218 0.0422341 0.0308183 -0.00500139 0.274869 0.338965 0.234707 0.125975 -0.273179 0.282908 -0.576099 0.572703 -0.000299566 0.170892 0.916642 -0.919258 0.0609368 -0.823778 0.10663 0.243918 -0.126653 -0.100586 -0.0188946 0.0784805 -0.169364 0.127416 0.0155397 0.110511 0.0317265 -0.503069 0.0936969 -0.160118 -0.215603 -0.883116 -0.103309 0.24091 -0.135295 0.270968 0.10091 -0.274511 0.367732 -0.00774365 0.372457 -0.608065 -0.0387321 0.310672 0.0310826 -0.0350039 0.0932053 -0.00583699 0.0605968 0.0389838 -0.0926937 -0.12263 0.273125 -0.706909 -0.184448 -0.01738 0.244185
0.12294 0.240323 0.218358 -0.0542006 -0.0906718 0.265233 -0.342372 -0.00608813 -0.250775 -0.185717 -0.405036 0.0368908 0.267487 0.283463 0.120692 0.685579 0.0931401 0.156899 0.19885 -0.00309359 -0.0185679 0.111983 0.506692 -0.741459 0.018274 -0.080017 -0.129909 0.0351225 0.226212 0.115869 -0.00688297 -1.59006 0.174637 -0.28314 0.336678 -0.0783777 0.0676623 -0.204221 0.258634 -0.786004 -0.0845016 -0.208849 0.0203877 -0.00638526 -0.0669398 0.0779528 -0.034702 -0.230954 -0.104086 0.0723111 -0.0663608 0.266292 0.150163 -0.193827 -0.218763 -0.310543 -0.0236997 -0.446345 0.119099 0.019251 0.141629 0.0480163 0.235771 -0.394642 0.0942827 0.00135726 -0.0742219 -0.426088 0.1454 -0.291757 0.132312 0.166921 -0.254443 0.0976934 0.0913143 0.212086 -0.120651 0.0432293 0.448807 -0.321643 0.0796949 -0.104465 0.253183 -0.42609 -1.12876 0.354773 -0.27315 0.219315 0.209865 0.3055 -0.209803 -0.31211 0.189277 -0.065381 0.239879 -0.233888 -0.267375 0.0904187 0.153582 0.17798 -0.161302 0.0723292 -0.0856949 -0.114328 -0.685021 -0.230161 0.167166 0.136912 0.26936 0.504412 -0.116615 0.319844 -0.919951 -0.236735 0.0540522 0.039862 -0.0831843 0.148549 -0.141813 0.0099789 0.106311 -0.229239 0.255718 -0.38663 0.523827 0.10356 0.327609 -0.0438376
0.723656 -0.0582342 0.103295 0.00150124 -0.134383 -0.0498933 -0.107152 -0.338937 0.0485685 -0.190085 0.159592 0.312428 0.0784129 0.122096 0.155235 -0.222242 0.0570146 0.167643 -0.00948363 0.137912 -0.049063 -0.163931 -0.0332882 -0.20634 -0.110855 0.14554 -0.21876 -0.0570355 -0.105078 0.248057 0.0994936 0.107988 -0.0534741 -0.135028 -0.113656 -0.0197799 0.160125 0.056224 0.0270229 0.250933 -0.119756 -0.00458422 0.0309882 0.298438 0.043958 0.102943 0.0614958 -0.204335 -0.144673 0.101483 -0.0577369 0.107643 -0.819645 -0.230109 0.0204843 -0.057629 -0.000364368 -0.196313 0.140208 0.101175 0.0642957 -0.0176117 -0.192135 -0.0341829 0.158219 -0.0769855 0.018058 -0.232076 0.277395 -0.0141829 0.0513796 0.197605 0.121473 0.258345 -0.0641144 0.18973 0.0124449 0.0415287 0.0829656 -0.181124 -0.103044 -0.340932 -0.000454798 -0.308716 -0.734425 0.0192565 -0.138323 -0.0313896 0.115092 0.271163 -0.120332 -0.00135193 0.227768 0.22183 0.0301609 0.158259 -0.116361 0.0745391 0.119524 -0.159165 -0.0959965 -0.0264203 0.24304 -0.109273 -0.0713439 0.0621021 0.00866808 0.0507594 0.13188 0.396149 0.174214 -0.155079 -0.0797849 0.0272408 -0.0425656 -0.0271927 -0.155022 0.0320816 -0.0540873 0.0415968 0.464019 0.199848 -0.125257 -1.04998 0.014487 -0.115025 0.202932 0.0450902
-0.188344 -0.120721 -0.0583101 0.00656285 -0.0232827 -0.311203 -0.0452694 -0.0702638 0.213341 -0.0132202 -0.0315012 0.0877537 -0.217745 -0.0819459 0.248073 0.166373 0.164539 0.262764 0.196269 0.0363011 0.117578 -0.152484 -0.106249 -0.151885 0.0198888 -0.295075 -0.192158 0.0544957 0.171178 0.216335 0.0296331 -0.0235711 -0.209667 0.12545 -0.0529354 -0.154272 -0.00599674 0.138699 -0.199027 -0.0492642 0.0501422 0.206237 -0.0942242 0.298607 -0.131704 0.0409315 -0.0705477 0.0828617 0.0154722 -0.0189892 -0.00530661 0.0420409 -0.232003 -0.0165359 -0.0955519 0.139233 0.188309 0.32591 -0.105945 0.0930795 0.0267468 0.0406536 0.166805 0.0948267 0.0258034 -0.0369918 -0.00816368 -0.256519 -0.216154 -0.0637959 0.288914 -0.258632 -0.0680812 -0.0306312 -0.257181 -0.00855214 -0.0888105 -0.03561 0.200724 0.0117729 0.0494793 -0.234029 0.00540081 0.00276285 0.297837 0.199158 -0.00665572 0.200422 -0.239153 -0.169059 0.184182 -0.113461 0.023743 0.297349 0.211759 0.0951296 0.0480187 -0.0241781 0.111703 0.00344226 0.111099 0.23262 0.0354014 0.033296 -0.00830744 -0.0434254 0.0114516 -0.0500284 0.398483 -0.174565 -0.0433309 -0.00901862 -0.0925086 0.181984 0.00225097 0.128868 0.0943272 -0.204055 -0.240382 -0.190239 0.00090061 -0.404471 0.120284 -0.367553 0.257758 0.0946367 -0.223561 0.0492273
0.00582036 -0.256878 -0.0507835 0.175325 0.040959 -0.342607 -0.061306 -0.21168 0.364343 0.125505 0.0310367 -0.136417 -0.867681 -0.102633 -0.329417 0.215786 -0.26746 0.0489018 0.0260738 -0.187356 0.247033 0.0182324 -0.0463542 -0.32137 -0.111956 1.34717 0.101573 -0.0315964 0.268674 1.15135 0.412131 0.0687861 0.0908654 0.099883 0.217807 0.0563322 -0.0147522 0.0679441 0.223085 -0.516452 0.0129481 0.113642 -0.666248 0.37935 -0.452486 0.236973 -0.666535 -0.0625317 -0.0612957 0.182811 -0.0821555 0.0396045 -0.0139979 0.35482 -0.00304545 0.457529 0.231731 0.259029 0.227561 -0.291909 -0.0605287 -0.0337819 0.0133729 0.488165 -0.147437 0.0397142 -0.133857 -0.194637 -1.14018 -0.289024 -0.0319006 0.151619 -0.167859 -0.00232983 0.0191898 -0.162814 -0.181235 0.090624 0.243873 -0.164727 0.0112781 -0.381942 0.263106 0.101194 0.0224239 0.261474 0.00433809 0.262701 -0.770151 -0.71885 -0.147371 0.406921 0.287327 0.497475 0.741764 -0.00909046 -0.250087 -0.101386 0.66902 -0.0103144 0.134212 0.13307 -0.0534442 -0.19152 -0.0660702 0.0916516 0.176384 0.17968 0.00190125 -0.318203 -0.561765 0.321142 0.269081 0.0227088 -0.0715648 -0.020156 0.253238 -0.485522 -0.235502 -0.0711917 -0.366838 -0.00915391 0.0107077 0.183717 0.287635 -0.273629 0.15378 0.163776
0.00858697 0.135951 0.158765 0.269198 0.182258 -0.164049 0.239269 0.648017 0.258693 -0.111736 -0.242899 -0.0795811 0.0889697 -0.461731 -0.0950239 0.280458 -0.0818055 -0.247429 -0.308874 -0.279474 -0.00907908 0.012885 -0.146026 -0.898043 0.165067 -0.249817 0.415254 -0.0434281 -0.192446 0.671109 0.409481 -0.0682606 0.231163 -0.587941 -0.00686705 0.463169 -0.827872 -0.143647 -0.0530904 -0.781335 0.0964045 0.0362362 0.52096 0.280336 0.357185 0.153172 0.870946 0.36524 0.0535306 -0.154461 -0.368707 -0.859501 -0.204683 0.192508 0.038718 0.407208 0.148357 0.0815323 -0.0273978 -0.30585 0.301112 -0.0963628 -0.234807 0.127142 0.0497933 0.126073 -0.0156704 -0.0494587 -0.714507 -0.505906 0.213289 0.672822 0.0105817 -0.348466 -0.454608 0.0369275 0.0339818 0.299882 0.426577 0.0157948 -0.407307 -0.388037 0.258515 -0.0966056 -0.371722 -0.179502 -0.0124279 0.081495 -0.189943 -1.00912 -0.255989 0.288895 0.125464 -0.171336 0.147424 -0.0228097 -0.100117 -0.223459 -2.0014 -0.250249 -0.38326 0.0412639 -0.3214 0.517904 -0.330563 0.121683 0.0620241 0.359376 -0.0742061 -0.444892 -0.568747 -0.391383 -0.32625 0.0325173 -0.0626789 0.0541179 0.894505 0.601951 0.0931237 -0.0485478 -0.123111 0.0776337 -0.0681654 0.452054 0.302899 -1.20436 0.188491 -0.00617295
-0.319904 0.112258 0.067516 -0.93327 0.0829803 0.491775 0.0155135 -0.120246 0.101143 0.177461 0.199493 0.11052 0.0426722 0.191744 -0.0396462 0.115605 -0.27905 0.0792647 0.150999 -0.111998 -0.263001 0.164238 -0.197551 -0.790782 0.372458 -0.172502 -0.2409 -0.394778 -0.28175 0.771015 -0.041486 -0.13318 -0.0459702 -0.547469 0.408948 0.703228 0.55277 -0.495802 -0.282779 0.633168 0.265653 -0.275309 -0.242803 -0.0433735 -0.0413191 -0.00212222 0.48746 1.0915 0.0483415 0.089866 -0.333832 -0.392207 -0.710184 0.189901 -0.26382 0.378415 -0.176578 -0.0989047 -0.237052 -0.12698 -0.681347 -0.0682585 0.0390154 0.0650508 0.300589 -0.0364916 0.172184 -0.258214 -0.0181577 0.524611 0.171578 -0.0220369 0.0402428 0.269609 -1.00413 0.321908 0.189441 0.0227154 -0.48941 -0.0241337 0.0166878 -0.168669 0.161791 -0.465549 -0.8971 0.0067761 -0.098034 -0.123956 0.22569 0.175582 0.391062 0.012307 -1.31242 0.369123 -0.697184 -0.244471 0.0654157 0.0833216 0.807361 -0.181 0.266576 0.194716 0.122272 0.0440183 -1.18835 0.11506 0.293673 0.0241619 -0.106495 -0.514421 -0.508569 -0.128935 0.307622 0.00335337 -0.0980487 -0.117832 0.505835 -0.411298 0.236387 0.203732 -0.0111731 -0.278069 0.803623 0.0787666 0.716495 -0.110457 0.387975 -0.391176
1.34068 -1.03299 0.0843024 0.580692 0.0892747 -0.151067 -0.354014 -0.841871 0.062613 0.0917993 -0.101311 0.0374482 0.359094 -0.067528 -0.137748 -0.315135 -0.17702 0.589677 -0.324022 -0.144194 -0.0828657 0.0805336 -0.0133735 -0.162082 0.486355 -0.548106 0.123133 -0.0497252 0.0446824 0.263993 0.286129 0.0367171 -0.824023 -0.071749 0.20039 -0.483114 0.130678 -0.621918 0.320385 0.061872 -0.1485 -0.585594 -0.111967 0.0912928 -0.161084 -0.888041 -0.286903 1.00383 0.0974694 0.180776 0.391795 -0.00397017 0.178046 -0.139495 0.117482 -0.222009 0.0638266 0.126454 -0.207408 0.161478 -0.412004 -0.0360088 0.264424 0.1725 0.0246111 0.203038 0.418703 -0.0722364 0.00677761 0.233157 -0.0217227 -0.40009 -0.0794528 0.190363 -0.56264 -0.000359977 0.254562 0.0138538 0.00185631 -0.018811 0.55302 0.0158938 0.0861837 0.546731 -0.799798 -0.1968 -0.272952 0.137668 0.213182 -0.204066 0.0214483 -0.0221022 0.668769 0.0656092 -0.62338 -0.247454 0.220266 0.660074 -0.178464 -0.459633 -0.28742 -0.243188 0.266501 -0.500368 -0.0818019 0.237677 0.686573 0.093786 -0.532675 -0.176074 0.149692 -0.21872 0.228528 0.0864078 -0.258819 0.11924 -0.416913 0.191016 1.20048 0.130487 0.517963 -0.225009 -1.33263 0.0849625 0.139941 0.0653492 0.0114516 0.0412943
-1.05383 0.785139 0.0692665 -0.365121 0.265197 0.0149016 0.0635455 -1.3022 0.0349369 0.191011 -0.0360642 0.365989 0.0441712 0.31124 -0.243699 -0.862028 0.0436738 0.233621 0.289903 -0.0947108 -0.0940082 0.0408223 0.181724 0.123508 0.401475 -0.0457742 -0.275087 0.163972 0.851535 0.451946 -0.0408997 0.971363 -1.00474 -0.20658 -0.0849092 -0.602098 -1.49731 -0.283469 -0.128853 -0.258646 0.205434 -0.138775 -0.154965 0.111926 0.201149 0.147689 -0.255394 0.672987 -0.0297333 0.155598 0.154549 0.200598 0.696036 -0.24714 0.0138365 -0.169584 -0.221509 -0.327314 -0.145099 -0.0588458 0.000316935 -0.112242 -0.906097 0.141223 -0.560101 0.872781 0.354279 0.0064338 -0.0539227 -0.970893 -0.363169 -0.423677 0.0734628 -0.0431793 0.0179066 -0.130172 0.0134721 0.389816 -0.0397808 0.790216 -0.904067 0.148966 -0.164742 0.311827 -0.730203 -0.146523 -0.429828 0.00661496 0.319957 -0.280599 0.146941 -0.465267 0.0641502 -0.454213 -0.163148 -0.237035 0.288908 0.520613 -0.286184 0.286836 0.030243 0.0300927 -0.375463 -0.45677 0.300275 0.00298013 0.515107 0.287111 -0.14272 0.265627 0.209001 -0.512785 0.614891 0.108696 -0.138653 0.154723 -0.0398823 -0.0444845 -0.00851952 -0.0103481 -0.332623 0.131253 0.401527 0.172934 -1.10759 -0.245104 -0.142182 -0.0311188
-0.570185 -0.340933 0.151188 0.171323 -0.0838896 0.158055 -0.0513057 0.159351 0.141207 -0.280229 0.173957 0.572569 0.435907 -0.124545 -0.562269 1.38628 0.464786 -0.102379 0.27663 -0.114591 0.14331 0.162365 0.0461166 0.209271 0.25937 0.168832 -0.0476478 -0.113044 0.785871 0.297618 -0.199239 -1.11091 -0.646887 -0.028997 0.0667957 -0.334875 0.735351 0.0473567 0.0206058 -0.247343 0.0606387 0.0749621 0.113007 -0.648352 0.0969112 0.279945 -0.345649 0.325666 -0.178907 0.0222132 0.348121 0.234967 0.487257 0.228195 0.0844275 -0.195517 0.312898 -1.19156 -0.0757739 0.0568243 0.0131312 -0.372291 -1.58505 0.147237 0.707315 0.076761 0.340974 -0.00309839 0.045663 -0.251807 0.159681 0.119205 -0.14997 0.0397069 0.148421 0.0126784 -0.183646 0.179602 -0.0326412 0.317819 0.132376 -0.425942 0.135203 -1.0247 0.0538877 -0.0771538 -0.335708 0.0361217 0.176038 0.307008 -0.530553 0.130774 -0.193288 -0.300918 0.229177 -0.049732 0.365841 0.263871 0.130329 0.591909 -0.329461 -0.0485866 -0.340353 0.39057 -0.828656 -0.0376024 0.00490651 0.123592 -0.43998 0.21867 0.0235369 -0.33725 -0.107705 -0.251734 -0.0961082 0.262801 -0.218721 0.0801013 -0.391771 -0.160401 0.0801212 0.113036 0.207444 0.369876 -1.17701 0.0538857 -0.523832 -0.0707355
1.22157 -0.602177 -0.0390959 -0.0145993 -0.278708 0.247431 -0.282813 -0.224527 -0.0676127 -0.143749 0.455518 0.510861 0.321566 0.250081 0.129228 0.144668 0.355004 -0.075724 -0.311769 7.53845e-005 0.0724463 -0.122975 0.198136 0.00362095 0.0110822 0.0340833 -0.147005 -0.519083 0.351592 0.0752372 -0.0366794 -0.00065513 -0.303282 -0.185388 -0.163288 -0.196334 -0.210351 0.0713832 -0.234138 0.0104591 -0.0374743 0.0234853 0.27615 0.389061 0.331579 0.0340247 0.187233 0.234118 -0.0354646 0.099571 -0.213334 0.272167 -0.308942 0.105732 0.0035534 -0.23618 0.281993 -0.407824 0.0416449 0.364885 -0.0643186 -0.319759 -0.885882 -0.210312 0.18847 -0.0336518 0.21678 -0.0799651 0.39469 -0.0861078 -0.143908 0.250482 0.0598381 0.0838604 -0.441402 -0.102289 0.0656244 0.186162 -0.363194 0.320524 0.159755 0.0387436 0.200894 0.429059 0.389174 0.289485 -0.255043 0.250369 -0.537513 0.558647 -0.290085 -0.0872759 0.0960608 -0.279819 -0.0492529 -0.0562296 -0.0594137 0.291959 0.0707565 -0.227234 0.146185 -0.0254343 -0.777326 0.159145 -0.0401105 -0.173448 0.105448 0.151642 -0.171062 0.404068 0.0146208 0.0226691 -0.554104 -0.0786812 -0.224709 0.111329 -0.146525 -0.0671072 -0.191627 -0.0457339 0.14133 0.295437 -0.189236 -0.192554 -0.0522181 0.0390737 -0.15957 -0.10263
0.0666037 -0.0314092 -0.00399683 -0.108196 -0.140982 -0.384279 0.19339 0.131493 -0.058119 0.069335 0.342209 -0.187384 -0.220481 -0.339116 0.0989311 0.131894 -0.047203 0.162989 -0.331625 0.219035 -0.183178 0.0382186 -0.0339459 0.00113488 0.0869387 0.0586193 -0.193978 0.0465691 0.00765917 0.0968016 -0.00547699 -0.0275437 0.0397009 -0.598908 -0.109162 -0.123342 -0.0184011 0.131135 -0.0766557 -0.0297215 0.0702459 -0.37497 -0.126263 0.025046 -0.322483 -0.0816207 0.107974 -0.347557 0.0228354 0.482708 -0.127083 0.0610541 0.008491 0.16086 0.049451 0.0675205 0.275758 0.0218942 0.17967 -0.173363 0.167679 0.0936394 0.0138065 0.150372 0.161586 0.188067 0.016772 0.172038 -0.235719 -0.0557804 0.161168 -0.130011 -0.0162657 -0.00183642 0.268364 0.0798618 -0.13357 0.0887397 0.222513 -0.258847 -0.00401962 -0.153964 -0.0825762 -0.0353404 0.162834 0.19246 -0.00364943 0.0265654 -0.0847783 -0.107877 -0.0715273 0.351376 0.110422 0.460294 0.492014 0.0286501 -0.135436 0.0363381 0.0591363 -0.00405329 0.0196943 0.261925 0.0924695 -0.0815727 -0.0606554 0.0729761 0.135494 -0.199272 0.0515151 0.0827436 0.0124768 0.000920455 0.127864 0.251748 -0.212697 0.276211 -0.144124 -0.282703 -0.103005 -0.735873 -0.0813142 -0.284108 -0.116586 -0.453297 0.154387 -0.130521 0.110798 0.0363488
0.165404 0.0349422 0.058376 0.350861 -0.0925696 -0.0393301 -0.0554355 0.0384211 -0.132953 0.402782 0.648003 -0.417208 -0.507393 -0.0398736 -0.174552 -0.556669 -0.0250983 -0.145354 0.368308 0.284623 0.0488109 -0.292716 -0.336158 0.095295 0.162127 0.873088 -0.305463 -0.0964991 -0.0870302 -0.0880549 -0.299332 -0.162128 0.155373 -0.634289 -0.0977324 0.222967 -0.197776 -0.0227749 0.237452 -0.0329345 0.134436 -0.356994 0.00668776 -0.268922 0.143335 -0.223319 0.711197 0.0304972 0.49852 1.18688 0.0724211 -0.0235792 -0.163809 -0.766441 0.0552697 0.000793989 0.160019 -0.171065 -0.0559447 -0.604085 -0.532027 0.168672 0.0370539 0.404842 0.315679 -0.0825578 0.4355 0.304946 -0.240465 -0.826555 0.239681 -0.015757 -0.0726848 -0.293113 0.262533 -0.120882 -0.300695 0.15449 0.144382 -0.0923775 -0.177422 -0.312082 -0.147262 0.00259656 0.194499 -0.218539 -0.0645753 -0.212168 -0.116098 0.459727 0.100085 0.461565 0.174252 0.257195 0.479705 0.0139007 0.190844 -0.0259642 0.0890744 0.0014613 -0.105789 -0.0893482 -0.0973993 -0.0629389 -0.294768 -0.00111016 0.217042 -0.278407 0.273318 -0.331233 0.146655 0.344649 0.179338 0.129095 -0.0970609 0.141636 -0.41486 -0.249787 0.440746 -1.48353 -0.178647 -0.281775 -0.103509 -0.451869 0.285989 -1.44634 0.561215 0.106957
-0.140927 -0.204588 -0.0468523 0.132854 0.0279329 -0.328794 0.0373494 -0.176726 -0.0720639 0.130424 -0.675296 0.0302514 0.136636 0.438274 -0.340873 -0.520693 -0.632073 -0.0615086 -0.116368 0.319532 0.767861 0.203014 -0.350226 0.042801 0.253255 0.299002 -0.353336 0.501777 0.122298 -0.156969 -0.242974 -0.00928848 -0.14671 0.18118 -0.0255058 0.54283 -0.211959 -0.0443173 -0.888295 0.341681 -0.174574 -0.40632 0.474291 -0.531339 0.398257 0.651673 -0.0958899 -0.225803 0.699749 0.150794 0.059864 -0.370926 -0.249647 -0.587701 -0.0783918 -0.352985 0.026884 -0.0155531 0.256476 -1.25103 -0.21982 0.177817 -0.522401 -0.110655 0.260953 0.0790331 0.133225 0.164742 -0.31809 0.791076 -0.0977494 -0.0130992 -0.12274 -0.598257 1.16953 -0.19466 -0.130851 -0.80962 0.598386 0.0680024 0.173409 0.0360833 0.0369087 -0.346858 0.0234915 0.0403343 0.232374 -0.265708 -0.0880721 0.276924 0.193757 -0.064283 -0.971137 0.0826007 -0.442626 0.350498 0.474966 0.226113 -1.1373 0.125539 -0.316053 -0.230013 -0.310261 1.27548 -0.311261 -0.0823907 0.0710419 -0.75312 0.315107 -0.531781 0.301587 -0.0864661 0.352588 0.576396 -0.17984 0.0217516 0.0965046 0.251029 0.382831 -2.05737 0.146578 0.502768 -0.104892 -1.02328 0.0510282 0.259493 -0.0743863 -0.0422457
0.335879 -0.557388 -0.084792 -0.15985 -0.074783 -0.168706 0.768367 0.100587 0.278998 0.039355 -0.102487 -0.0718527 -0.00856049 0.249331 -0.151107 0.214663 -0.282372 0.193486 -0.189376 -0.000486709 0.702428 -0.0644566 0.140154 0.32465 -0.162596 -0.248381 0.650877 0.193241 0.171437 0.0127551 -0.397114 -0.341072 -0.0366364 0.352816 0.0121738 -0.278873 -0.0842853 0.754933 0.46582 -0.705451 -0.218375 -0.179447 0.0203517 -0.185548 0.465996 -0.155348 -0.714403 -0.282458 -0.542356 -0.764734 -1.11246 -0.636175 -0.118121 0.133725 -0.0210911 0.295344 -0.479493 0.0328144 -0.130702 0.00101117 0.121769 -0.152658 -0.688529 0.00621819 -0.742795 -0.0472783 0.409055 -0.137382 0.220512 0.37913 0.0639976 0.394664 -0.268424 0.222604 0.632287 -0.00916655 -0.242924 0.109991 -0.379043 0.253481 0.396963 0.545049 0.119675 0.0154701 0.428385 -0.140263 0.29431 -0.0351286 -0.83307 -0.0938704 -0.28614 -1.03813 0.00453793 -0.967237 -0.118191 -0.334536 -0.577364 0.169806 0.995955 -0.190564 -0.531346 -0.144792 0.280228 0.253021 -0.0442969 -0.0997673 -0.269877 -0.929605 -0.073257 -0.494284 0.437017 -0.269645 0.140627 -0.445048 -0.215763 -0.504479 -0.964983 -0.0965961 0.158502 -1.56778 -0.718161 -1.34387 0.582425 -0.53512 0.480361 0.170861 -0.819047 0.088838
0.0602549 0.832071 0.134731 -0.0581584 0.0519177 -0.081118 0.948641 0.205493 -0.155774 0.059261 -0.540456 0.05024 0.00818021 -0.171016 0.125622 -0.121671 -0.481734 0.32199 0.0778237 0.15015 -0.325538 -0.0116497 -0.603838 -0.0133572 -0.0186169 -0.0597283 -0.823686 -0.144262 -0.446221 0.00097709 -0.197049 0.0489706 0.216234 -0.215649 -0.0554976 -0.992173 -0.440234 -0.0819261 0.00565302 0.169514 0.469103 0.517159 -0.272404 -0.56246 0.244092 0.0328344 0.531155 -0.265504 -0.0442168 -0.174929 0.997245 0.339162 -0.0511429 0.225619 -0.044996 0.315748 0.637241 0.0864688 0.222612 0.722348 -0.0330898 -0.018118 -0.0128979 -0.0729917 -0.0729372 -0.857858 0.608557 -0.53171 0.0512861 -0.441148 0.431413 0.295901 0.0420731 0.400995 -0.0323925 0.112126 -0.240053 0.410495 -0.0321781 0.0112606 -0.208988 -0.754464 0.306191 0.729723 0.918285 -0.387035 0.358023 -0.0350673 -0.840859 0.273391 -0.676818 -0.0229016 0.384652 -0.472595 -0.187556 -0.585257 -0.892778 -0.632239 0.187228 -1.14708 -0.341659 0.10913 0.0682209 -0.326397 0.373783 0.266413 -0.942268 -0.993877 0.418759 -0.551867 -0.0644476 -0.0802523 -0.302635 0.367056 -0.123737 -0.533958 0.0640705 -0.0206669 -0.913965 -0.335967 0.717076 0.95456 -0.823581 0.278786 -0.105746 -0.019214 0.00175615 0.162746
-0.235571 -0.0893627 0.14666 0.108809 0.141066 0.310675 0.292616 -1.01808 -0.421629 -0.117339 0.344908 -1.06028 0.438357 -0.220082 -0.163107 -0.261166 0.286879 0.217279 -0.126193 -0.108676 -0.638241 -0.107351 -0.350811 0.596593 0.1758 -0.0373096 -0.528183 0.243047 -1.35799 -0.246956 -0.721183 -0.0262668 0.246063 -0.622626 -0.109079 -0.026913 0.551671 -0.0520297 0.137741 0.173506 -0.134446 -0.215357 -0.0977349 -0.0823083 0.143846 0.642909 0.256683 -0.394983 -0.33993 0.220162 0.42495 -0.295799 -0.250423 0.0873305 -0.393908 -0.160157 -0.161475 -0.673153 -0.0318194 0.240499 0.606896 0.203823 0.321931 0.204065 0.13337 -1.99657 -0.708524 0.169965 0.444947 0.154783 -0.10937 -0.488208 0.0468521 -0.287291 -0.0128709 -0.152021 -0.0455185 -0.19076 -0.121404 -0.390147 -0.865545 0.355487 0.496995 -0.18071 0.666297 0.300344 0.621337 -0.2609 -1.00898 -1.21561 -0.0454102 -0.23988 0.0743928 0.0558656 -0.319348 0.022902 0.290437 0.147617 -0.448344 1.19074 0.680151 -0.379894 0.473143 -0.196356 -0.504759 0.780958 -0.374952 -0.829747 -0.988833 0.687478 -0.3221 0.135562 0.230929 -0.108939 -0.176832 0.21262 -0.32598 -0.218669 0.41334 -0.144928 -0.444111 -0.344274 0.580683 0.217186 -0.799783 -0.0355197 0.106867 0.00826069
0.296117 -0.0898549 0.144452 -0.121646 -0.118294 0.25136 -0.893505 0.0552819 0.178405 -0.0486397 -0.228596 -1.58282 0.338468 -0.166497 -0.340048 0.160895 0.393108 0.207654 -0.0933062 -0.0491018 0.0231854 -0.372035 0.370931 0.337471 -0.00186553 -0.332237 -0.0774213 0.0433301 0.526133 0.0600589 -0.321118 -0.103638 0.0388802 -0.105776 0.382577 -0.272719 0.255223 0.21878 0.0822035 -0.326224 -0.147882 0.292805 0.0602407 -0.0519783 0.313162 0.143731 -0.211169 -0.165826 -0.0342732 0.0567121 0.0631494 -0.133512 0.0193953 0.338621 0.101773 0.212092 0.32637 -0.425898 -0.0971553 -0.0778055 -0.666455 0.320258 0.755078 0.563364 0.394643 -0.774863 -0.0212806 0.233017 0.432657 -0.00612128 -0.366015 -0.0965152 0.0326374 0.235593 -0.222044 -0.834752 0.127856 -1.03465 -0.574609 0.0949283 -0.844536 0.0412406 0.046339 0.0992635 0.414814 1.19387 -0.00893763 0.0535947 0.27138 0.759686 -0.765883 -0.0609815 -0.41073 0.0202929 -0.0555344 -0.145996 0.172019 0.00607471 0.0717354 0.384887 0.155869 -0.0987586 -1.12654 0.0979539 0.381407 0.524104 0.119782 -0.667887 -0.771084 -0.0455369 -0.360697 0.608097 0.272336 -0.535148 -0.0749739 0.144072 0.189865 0.0553493 0.286536 -0.0526277 -0.152768 0.221397 -0.225505 -0.805482 -0.410449 -0.33512 -0.0704966 -0.367427
0.197496 -0.170185 0.357738 -0.0171136 -0.0885738 0.134302 -0.196916 0.0802949 -0.131742 0.05252 0.296241 -0.99973 0.472176 0.253356 0.00201466 0.424865 0.574721 0.0469111 -0.109689 -0.226485 0.347981 -0.0874303 0.711149 0.0269078 -0.0314313 0.00321885 0.170125 -0.389564 0.59095 -0.190797 -0.241305 0.0339416 -0.266613 -0.255406 -0.145713 -0.202377 -0.0299946 -0.0215471 -0.362568 0.224317 0.00576926 0.0126421 0.412571 0.0579482 0.081333 -0.225281 -0.301894 0.00328855 0.0902206 -0.360534 0.0914236 0.430034 -0.25326 -0.251489 -0.259012 -0.0632707 0.374308 0.116074 -0.162919 0.255645 0.121763 0.0375335 0.129303 -0.542243 0.0165401 -0.109475 -0.184062 0.0647211 0.0312947 -0.232337 0.0358479 0.349198 -0.0521539 0.104761 -0.020865 -0.558987 -0.596202 -0.15324 -0.265483 0.11765 -0.570854 -0.289034 -0.00143995 0.0705412 0.630122 -0.2634 0.101734 0.0604655 -0.534452 0.111613 0.161154 -0.134671 -0.0115688 -0.0391419 -0.0783663 -0.0635648 0.0721379 -0.00554288 0.0633057 -0.966682 -0.063674 0.234045 -0.194082 -0.115089 0.381799 -0.0710875 0.144386 -0.16016 -0.220335 -0.476454 -0.395734 0.28006 -0.203969 0.00427516 -0.142887 0.299064 0.0721213 -0.124146 -0.195088 0.208771 -0.0607601 -0.181462 0.00199098 -0.665725 -0.136498 0.229836 0.113343 -0.426853
0.0234824 0.0984798 -0.558481 0.0571175 -0.064348 0.406646 0.224264 -0.023583 -0.222278 0.222546 0.118468 0.381363 -0.0795038 0.223487 0.114289 -0.0851448 0.0567786 -0.0951184 -0.00440342 0.374548 -0.221219 0.140307 -0.0737351 -0.154674 0.139067 0.17198 -0.0714054 0.10102 -0.171709 -0.157517 -0.18195 -0.00244777 0.153351 0.20205 0.286799 -0.104603 0.156314 -9.70595e-007 0.0975962 -0.0683954 -0.00598813 -0.224975 0.296941 -0.120929 -0.224356 0.354039 0.128067 0.0438454 0.118995 0.187991 0.0122295 0.0839889 0.147159 -0.0688304 -0.139626 -0.166575 0.176041 -0.15527 0.126913 -0.258153 -0.097198 0.0242687 -0.129733 0.0589158 -0.205268 0.0188989 -0.198856 0.369527 0.239855 0.0953952 0.151261 -0.0425689 -0.0229948 0.0855283 -0.487235 -0.12883 0.140994 0.118385 -0.30813 -0.345161 0.0916958 -0.138566 -0.162109 0.146859 0.0701424 0.0886373 0.0534263 -0.0490116 0.0973153 0.0242726 0.147908 0.399257 0.190447 0.308808 0.303294 -0.00663131 -0.0220542 -0.000857543 0.0800621 -0.186699 -0.491853 0.148451 0.226453 -0.174213 0.0345476 -0.265632 -0.124957 -0.507718 0.370077 0.100509 0.111484 0.246416 0.356583 0.224632 -0.205922 0.157422 0.375891 -0.105337 0.0991886 -0.150899 0.180911 -0.16421 0.00955516 0.594513 -0.0313759 -0.236053 -0.206011 -0.77567
0.00410453 0.0517584 -0.459538 0.0908639 0.197389 0.180239 -0.0483479 0.0377493 -0.264276 0.0211289 -0.245263 -0.736263 -0.342995 0.661697 0.730681 -0.0871995 -0.546515 0.95092 -0.231839 0.174805 -0.955874 -0.131848 -0.577349 -0.0356139 0.207954 0.27454 -0.00523118 0.0182566 -0.142396 0.164109 0.0634616 0.12916 -0.00215772 0.697858 -0.255922 -0.0050214 0.189755 0.220698 0.00886914 0.414604 -0.505612 -0.48225 0.0939504 -0.200673 -0.225471 0.428522 0.193749 0.063309 -0.239158 0.584379 -0.0478023 -0.18934 0.129119 0.312731 0.267993 -0.0521532 0.488215 -0.247048 -0.0909119 0.384547 -0.326188 -0.0250188 -0.021489 0.581446 -0.0635542 0.334745 -0.587119 0.249605 0.235913 -0.542613 0.486878 -0.23613 0.049442 0.020877 -0.588813 -0.0841521 -0.074578 -0.0699529 0.0503975 -0.148294 0.210349 -0.192961 0.161577 -0.486595 -0.0843599 -0.0187208 -0.251325 -0.101511 0.468014 -0.119319 0.190383 0.218298 0.26136 0.287328 0.200414 0.235473 -0.584807 -0.0147444 0.355599 -0.194565 0.0100611 0.0196465 0.0323824 -0.0666519 0.22995 -0.243086 0.204227 0.0105871 0.336976 0.0777372 -0.241357 0.0166257 0.109166 -0.571252 -0.373836 -0.0339095 0.620723 -0.386333 0.328649 0.320878 0.172271 0.229712 0.0279907 0.72771 0.155164 -0.768466 -1.72992 -0.462961
-0.143101 -0.195285 0.241737 -0.104705 0.0847194 -0.420956 -0.0396623 -0.202052 0.862895 -0.0258974 -0.780285 -0.438608 0.0824038 0.681772 0.322618 0.418495 -0.418517 -0.681628 -0.0462196 -0.0223543 -0.598057 -0.818635 -0.432532 -0.12915 -0.250868 0.615735 0.697071 -0.237102 0.0368981 -0.494942 -0.0268302 -0.22193 -0.652352 0.0607422 0.150525 0.249926 -0.0807844 0.157808 0.0521067 0.195809 -0.403786 -0.176197 0.107748 0.502874 -0.0284094 0.472455 0.159734 -0.19365 -1.19178 1.33977 -0.09938 -0.213074 -0.0584263 0.436521 0.161946 -0.226757 -0.0601128 -0.0876681 0.249156 -0.94263 -0.0958113 0.0708945 0.124241 -0.514558 -0.977653 0.00630081 0.403574 0.991535 -0.205883 -0.828194 -0.115865 0.348447 0.248472 -0.735367 -0.566425 0.0278214 0.0650179 0.161843 -0.295127 -0.180304 0.425186 0.896557 0.428317 -0.2063 -0.232879 -0.262197 -0.404442 -0.0263591 0.0919995 -0.592983 0.451195 0.0796957 -0.056827 -0.0417127 -0.29753 0.224542 -0.750501 0.290972 0.122832 0.108968 -0.182174 0.37139 0.144759 -0.0769963 0.882381 -0.145754 -0.690462 -0.0813495 -0.0879244 -0.227921 -0.230376 0.335629 0.0687246 -0.817842 -0.0420856 0.48237 -0.308793 0.176977 0.0863576 0.794411 -0.29528 0.282662 -0.187091 0.632507 0.257655 0.3421 -0.979388 0.322974
0.182313 0.200703 0.810906 0.068019 0.0572786 -0.0800544 0.0436931 -0.0600714 -0.888994 -0.0487732 0.722127 0.0480102 -0.11643 -0.233265 0.00762403 0.0116405 -0.555068 0.168835 -0.0849066 -0.165935 0.378274 -0.729615 -1.02413 -0.221804 -0.0411383 -0.187031 0.145023 -0.18264 0.143438 -0.161767 -0.305192 0.0382768 0.0947191 -0.343499 0.0179388 -0.355404 -0.218816 0.239508 0.505708 0.0739671 0.991937 -0.0409586 0.190153 0.0225655 0.0178037 -0.668873 0.00816877 -0.252082 -1.41765 -0.0583381 -0.0510847 0.134447 0.0328021 0.0833205 -0.204371 0.467949 -0.186486 0.00066171 -0.502353 -1.97843 0.293266 -0.331952 0.228977 -0.0970472 0.189626 0.0518393 0.0568072 0.287468 -0.139514 -0.191264 0.185668 -0.142622 -0.00948613 -0.164467 -0.16651 0.0451889 -0.06769 0.440131 0.0777657 0.0246927 0.0579473 -1.16435 -0.243224 0.0478928 0.178167 0.132545 -0.611255 -0.584793 0.358101 0.0695037 0.612864 -0.778524 0.111114 0.220118 -0.0142721 0.272341 -0.718103 -0.930407 -0.163988 -0.203715 -0.0673925 -0.350344 -0.367195 0.684618 0.189337 -0.494351 0.0798148 -0.428188 0.852757 -0.558527 -0.674106 0.319323 -0.10808 0.745166 0.0212286 0.505981 -0.0637393 -0.0484378 0.0122928 0.600102 0.262425 -0.996587 -0.0649678 0.540693 0.0388695 0.508066 -0.286703 -0.141798
-0.216073 0.192419 0.422674 -0.00825348 -0.116921 0.359877 -0.297214 0.0910837 -0.25566 -0.230681 -0.861968 -0.184763 -0.286289 -0.202573 -0.0402351 -0.0326537 0.441269 -0.00599783 0.420842 0.389585 1.08724 -0.382955 -0.542538 -0.379122 -0.401827 -0.463639 -1.07924 0.0947617 -0.155118 -0.0842678 -0.302031 0.0166224 0.313259 0.0338193 -0.334653 -0.257231 0.100907 0.228342 -0.0955767 0.0103363 -0.000607935 0.447737 0.246907 0.202439 -0.695631 0.064305 -0.207433 -0.0876689 -0.146947 -0.497385 0.480699 0.298891 -0.161131 -0.000627895 0.231073 -0.286845 0.10954 -0.0418802 -0.00542859 -0.356026 -0.333975 -0.372578 -0.0855803 -0.095436 0.225706 0.23597 -0.484981 -0.0127862 -0.182618 -0.00266288 -0.00656349 0.229317 -0.0912451 0.509342 0.0480691 -0.29147 -0.131859 0.20586 0.265557 0.016347 0.131464 0.162019 -0.362065 -0.00799481 -0.176161 0.828576 -0.133237 -0.337559 0.181194 -0.51817 -0.321585 0.48715 0.0268972 -0.166636 -0.255405 0.140236 0.825617 0.00495834 0.24995 -0.402158 0.746564 0.661013 0.730792 -0.0805806 -0.211183 -1.00384 -0.0332981 -0.0857031 0.640717 0.35534 0.030102 0.508787 -0.0414794 0.215204 -0.0167563 -0.292016 -0.522669 0.268382 -0.36437 0.0831498 -0.00584151 0.560235 0.00218857 0.143593 -0.228808 -0.48855 0.263376 -0.358097
0.230177 0.205829 0.125537 0.0817322 0.00395298 -0.0181628 -1.33759 -0.512034 0.147418 -0.257053 0.401193 0.455315 -0.161399 0.178042 0.242571 0.0975479 0.134904 -0.0170762 0.197162 0.172506 0.696237 -0.0907089 0.917014 -0.482703 -0.382462 -0.27498 0.198153 0.283711 -0.0535746 -0.237011 -0.175573 0.126848 0.0971364 0.151695 -0.538837 0.57161 0.376958 0.292027 0.317816 -0.473646 -0.509557 0.33343 -0.45805 0.554674 -0.303996 -0.414425 -0.0610624 0.119936 -0.532638 -0.0614392 0.0251617 -0.851041 -0.159535 -0.192026 0.317497 0.0935564 -0.0617449 -0.0392783 0.247365 0.542836 0.0446392 -0.0816086 -0.0796253 0.128567 0.816043 0.0248829 -0.797558 -0.0167427 -0.285088 -0.278013 0.560582 0.707427 0.586079 -0.479958 -0.00145847 0.997476 0.598182 -0.110248 0.244246 0.263427 0.369232 0.263919 0.352735 -0.648575 -0.220086 0.188805 0.0142695 -0.286512 0.110258 -0.762468 -0.518946 -0.382839 0.312172 0.333398 -0.153453 0.198444 -0.0452223 0.157309 -0.242437 0.576867 0.430205 -0.170198 0.313342 -0.17179 0.0687104 -0.454389 -0.0721126 -0.519719 0.0887308 -0.208433 -0.0197164 0.535401 0.060573 0.311459 -0.107565 -1.71557 -0.499664 -0.470625 0.171092 0.011442 -0.312633 -0.231764 -0.109671 -0.0890954 -0.00224597 0.464552 -0.175776 -0.284206
0.222087 0.0887523 0.0201473 0.022025 -0.0189728 -0.00388896 -0.104076 0.0247735 -0.0924598 -0.2581 -0.630249 0.357923 -0.16557 0.0279329 -0.405474 0.210954 0.545029 -0.475676 -0.0301175 0.387461 0.316421 0.0690064 0.678206 -0.209782 -0.801688 -0.325767 0.0498529 -0.492345 0.263017 -0.0643206 -0.199701 0.107981 -0.075853 -0.284573 0.0487426 -0.0492143 0.193684 0.270804 0.145099 0.128333 -0.070413 0.0850227 -0.102316 0.350881 0.407491 0.310435 -0.167189 0.0129026 -0.286383 0.0198864 0.0272758 0.428765 -0.394767 -0.145669 -0.229074 0.104626 0.491747 0.394827 -0.201466 -0.112246 -0.179936 0.627891 0.207986 0.263478 0.198964 -1.15548 -0.487635 0.209457 0.0692948 0.459261 -0.365318 -0.591377 0.23993 -0.434136 -0.188553 1.19713 0.447136 0.284167 0.0541234 -0.624093 -0.0890771 -0.277856 -0.0320914 0.0344914 -0.127534 -1.73371 -0.0391057 -0.140175 0.562772 0.352896 -0.628356 0.224932 -0.185562 0.406286 -0.213617 0.173625 0.0655354 0.0879096 0.352973 -0.0495012 0.121681 -0.000161979 -0.261781 -0.0978878 -0.114044 0.145196 0.157274 -0.284902 -0.0711712 0.292802 -0.266904 0.0503732 0.236171 -0.253072 -0.321499 -1.12059 0.130991 -0.0651616 -0.247867 -0.053828 0.0406436 0.1441 -0.11736 0.272008 0.170461 -0.116583 0.346524 0.178362
-0.172047 -0.0546768 -0.00583784 -0.0216441 -0.561967 0.0327766 0.129345 -0.0816143 -0.00435327 0.0815949 0.115884 -0.458397 0.0170027 0.0799446 0.0259585 0.207736 -0.010902 0.221069 0.161813 0.0742777 -0.171931 0.118031 -0.0708262 -0.0855737 -0.436136 -0.129797 0.197632 -0.219463 0.0618381 -0.261882 -0.232963 -0.00319673 0.004619 0.232348 0.593313 -0.0830601 -0.00735495 -0.0969278 0.176609 0.176203 0.356794 0.0321596 0.493114 0.273717 -0.376537 -0.0876736 -0.0864152 -0.248958 -0.0948151 0.0239206 -0.109273 0.201845 -0.318732 0.10579 -0.224089 0.281912 0.408576 0.1257 -0.0376824 -0.477051 0.077519 0.172013 0.252166 -0.814527 0.0255345 -0.236239 -0.272627 -0.116587 -0.172198 0.0834259 -0.120844 -0.34647 0.0693036 0.084491 -0.0426162 0.0919273 0.127118 -0.0372291 0.134439 -0.00703634 -0.616157 -0.129916 -0.0712874 0.0845035 -0.130775 -0.462575 0.128594 -0.19295 0.193711 0.221645 -0.287952 -0.0394991 0.0825331 -0.00544552 0.166421 0.601449 -0.0971771 0.11019 0.0970264 0.0980011 0.0556761 -0.0209489 0.0947347 0.163225 -0.0715443 0.21533 0.0986235 -0.130891 -0.0108579 0.187776 -0.508578 -0.0459587 0.130553 -0.109152 -0.11893 -0.616957 0.0822509 -0.328533 -0.300344 -0.164462 -0.347726 -0.192154 -0.047201 0.60885 -0.102292 0.0984068 0.243328 0.575546
0.173323 0.0989347 -0.149716 0.0376122 -0.137401 0.588595 0.124484 -0.118401 0.209891 0.0578524 0.512868 -0.0721662 0.260129 0.151463 0.143662 -0.109746 0.188682 -0.194089 -0.205595 0.254165 0.344961 0.434008 0.0659443 0.184342 -0.028694 0.00192756 -0.0955134 0.198114 -0.195282 -0.173891 -0.313562 -0.0731442 0.0183749 -0.233181 0.364013 -0.0456733 -0.0447604 -0.0799932 0.128236 -0.00514953 -0.223077 -0.151064 0.172651 -0.132126 0.0702468 0.0954724 -0.110307 0.200468 0.0594267 -0.244677 0.172885 0.145759 0.167934 0.132908 0.137359 0.0929494 0.210673 0.0183773 0.187668 -0.101338 -0.146675 0.0637525 -0.218168 -0.86024 -0.0478825 -0.147866 -0.269916 0.169963 -0.31255 0.0886864 -0.111993 -0.0212826 -0.00419062 0.226942 -0.150294 0.0961404 -0.25175 0.138352 -0.219597 0.0487234 0.0526598 -0.181213 -0.771459 0.14591 0.0203281 -0.672619 -0.171128 0.0931988 -0.122556 -0.0147833 -0.0264884 0.462162 0.210241 0.153435 0.115666 0.0048591 0.0900639 0.29758 -0.00153815 -0.342814 -0.0101957 0.171334 0.0855083 0.000328138 -0.011309 -0.0521136 0.000733208 -0.0230899 -0.0893224 0.0186314 0.0866545 0.0230322 0.0368108 0.143256 -0.207637 0.235808 0.496772 -0.093413 0.206889 0.0526391 -0.151567 -0.142104 -0.120801 0.112318 0.111026 0.0658789 0.125975 0.0216975
0.065898 0.358411 -1.09226 0.0729402 -0.351543 0.233053 0.265469 0.0843253 0.749356 -0.495788 -0.035007 0.0259942 0.151582 0.457448 0.19163 0.29436 0.127124 -0.000735253 -0.0987679 0.158304 0.287402 1.27212 -0.343242 -0.0852737 0.0108277 0.0510328 -0.631382 0.0438875 -0.290501 -0.574536 -0.206944 -0.008787 -0.198928 -0.164344 -0.275935 -0.120303 -0.040951 -0.148699 -0.466175 0.086015 -0.949433 -0.00487466 -0.60868 -0.121446 -0.121532 0.30428 0.00707155 0.213979 -0.0894816 -0.795314 -0.02157 -0.168121 0.189481 0.198984 0.387645 0.254431 -0.335611 -0.120291 0.134277 0.0327081 -0.148176 0.189656 0.307003 0.58141 -1.10573 -0.104661 0.267232 1.10755 0.129047 0.247831 -0.130809 -0.280853 0.0754528 0.341987 0.0263393 0.172515 0.1182 -0.0735174 -0.547919 -0.133217 0.445677 -0.127561 -1.2841 -0.249824 0.0366134 0.000163367 -0.176054 0.198776 0.240408 0.148393 0.009587 0.125359 -0.0378346 0.257372 0.00670679 -0.122674 0.25711 -0.259549 -0.0132333 0.0300457 0.0288669 0.431461 -0.0681655 -0.013039 0.117727 0.105686 -0.338081 0.141922 -0.160003 -0.480352 -0.016737 0.0268632 -0.244592 0.568118 0.0252264 0.00513343 0.149793 -0.0973778 0.0735645 -0.000109973 -0.0563565 0.304827 -0.148866 0.138478 0.0695557 -0.478027 0.719719 -0.260834
-0.0238658 -0.0399296 -1.90605 -0.101745 0.0679809 -0.193818 -0.0406562 -0.165644 0.477582 -0.357218 -0.0496129 0.172203 -0.152099 0.569707 0.262371 -0.0969336 0.233154 -0.616169 -0.120536 0.0618476 -0.116413 1.38047 -0.773363 -0.300103 -0.428415 0.183007 0.490355 -0.862448 0.208233 -0.315059 -0.363275 -0.0236564 0.44357 -0.273087 -0.26659 -0.609269 -0.306612 0.124272 -0.767036 0.0796553 1.29356 0.261407 -0.658332 0.766607 -0.427212 0.601355 0.0513547 -0.0290346 -0.223259 -0.0988943 -0.182659 -0.307418 -0.20182 -0.0909721 0.127948 0.0473564 0.0984851 0.442843 -0.216229 0.656754 0.121529 0.119644 0.109221 0.350239 0.0397169 -0.221223 0.060901 0.406633 0.299261 0.10587 -0.112481 -0.340888 0.0688811 0.272385 0.107486 -0.0381265 0.316111 -0.142104 -0.120871 0.315738 0.508349 0.638794 -0.810802 -0.31036 0.158471 0.323695 -0.360857 0.694561 0.357101 -0.143712 0.202689 0.195502 -0.18265 0.481338 -0.295041 0.0975818 -0.620427 -0.514005 -0.171398 -0.0139779 0.00694679 -0.789096 -0.0515477 -0.193055 0.033858 0.00934535 0.226731 -0.0394849 -0.186541 -0.0791384 0.0705802 0.0650826 0.128038 0.0513993 -0.0871899 -0.245149 0.0869177 0.196014 0.0832096 0.0745362 -0.0924457 -0.164393 0.286519 -0.0369277 -0.162065 -0.188558 0.644394 -1.11332
-0.173232 -0.291462 -1.41658 0.064313 0.31777 -0.227636 -0.558123 0.238899 -0.556896 -0.0946073 -0.262632 0.201033 0.175632 0.0744595 -0.288897 0.100731 -0.495815 -0.241526 -0.429851 0.126109 -0.641431 0.511553 -0.989313 -0.236454 0.055705 0.00178506 0.0519028 0.488256 0.0822233 -0.537177 -1.0865 -0.206213 0.00996543 0.155429 0.243326 -0.175732 0.0796587 0.1447 0.236044 0.404136 0.178737 -0.60784 -0.377404 0.356343 -0.529518 0.116147 0.376451 0.279438 0.844479 0.421459 -0.2676 0.435929 0.0389744 -0.0129805 -0.263536 -0.128516 0.0555797 0.704607 -0.437043 0.52517 0.44743 -0.278827 -0.104331 -0.805819 0.356604 -0.22791 -0.595501 -0.422536 -0.414558 0.00726125 -0.00549092 -0.282694 -1.83573 -0.303193 -0.0760554 0.150609 -1.27196 0.0483705 0.0788607 0.429749 0.143251 -0.453082 -0.309731 -0.663683 0.302447 -0.0967288 -0.278952 1.25194 0.000565519 -0.153558 -0.513538 -0.700107 -0.130883 0.121946 0.357776 -0.0406837 0.37359 -0.281969 -0.140946 -0.100266 0.191775 0.27503 0.31065 -0.0412509 -0.340152 -0.145591 0.139893 -0.0967099 0.484891 -0.36429 0.185093 0.231315 0.0223678 -0.977416 -0.213606 0.419 -0.0628875 -0.167258 -0.450969 0.150428 0.0837493 0.331104 -0.0577703 -0.442292 -0.356609 0.171227 0.113329 0.171929
-0.0470185 0.238535 -0.8926 0.135424 -1.02554 -0.127439 -0.164885 0.54765 -0.565906 0.452072 -0.333171 -0.173441 -0.203937 -0.549871 0.430995 -0.272099 -0.811906 -1.06278 0.730118 -0.192629 -0.426534 -0.185196 0.321898 0.0707266 -0.308631 -0.402566 -0.234136 0.199993 0.083819 -0.127023 -0.451911 0.0828556 0.317949 0.0940928 -0.507733 0.00984565 -0.106557 0.241509 -0.293416 -0.132527 -0.998522 -0.499519 0.388015 -0.0567692 -0.090828 0.0230993 -0.620425 -0.089516 -0.0250409 -0.162966 -0.208705 0.21818 0.00195361 0.0137738 0.799464 0.207005 -0.152524 0.083502 0.559818 -0.10583 0.129462 -0.391135 -0.0875898 -0.556947 -0.00444006 0.0950289 -0.439027 -0.0144008 0.32217 0.179614 -0.179891 0.0873287 1.3578 0.432745 0.0962079 -0.373488 0.336466 -0.23245 -0.319898 -0.354927 -0.0247657 0.343297 0.122966 -0.0464008 0.108687 -0.024424 -0.365163 0.816801 -0.0319362 -0.260821 0.364199 0.416309 0.13441 -0.306482 -0.162476 0.2219 0.634071 0.0829922 0.0971537 0.0555512 0.508224 1.04494 0.0472146 -0.216074 -0.116334 0.259549 -0.132158 -0.275495 -0.446932 0.322819 0.802064 -0.256257 -0.100466 0.583376 -0.280012 1.00654 0.0893494 0.0820202 0.215479 -0.0983785 0.0130421 -0.201904 0.094951 -0.138265 -0.0915171 0.0258725 0.424081 0.385938
-0.203856 0.0507247 -0.385912 0.140848 0.803028 -0.00212664 0.456248 -0.213831 -0.491511 0.391037 0.116881 0.025133 -0.385284 0.194187 0.19011 -0.33296 0.247225 0.163201 0.327987 0.144642 0.0310162 0.00513484 0.457269 0.0298993 -1.13716 -0.448275 0.422946 -0.889944 0.210489 -0.134282 -0.280257 -0.0526972 0.00586344 0.276092 -1.02985 0.391536 0.0566613 0.176258 0.107407 0.287728 -0.420153 0.0840098 0.025481 -0.459984 -0.240866 0.544501 0.120506 0.0266828 -0.119176 -0.0804431 -0.0970057 -1.15929 -0.392029 0.0373323 -0.354608 0.186494 -0.0580937 0.328748 0.757966 -0.193594 0.416794 0.101877 0.201791 -0.494415 -0.628186 0.229479 0.000417769 -0.163322 0.0070206 0.145946 0.520924 0.946922 0.490134 -0.555227 0.139349 -0.758043 0.885829 -0.0218644 0.250871 0.0354227 -0.419288 -0.417628 -0.112041 -0.0136627 -0.0766366 0.107996 -0.734179 0.40963 0.258294 0.574995 -0.360635 -0.323278 -0.109182 0.137374 -0.191936 -0.36043 0.230268 0.258653 -0.19648 0.447612 -0.757448 -0.971807 -0.341733 -0.727149 0.0860764 -0.0851011 -0.15518 -0.109404 -0.470937 0.212032 0.629501 -0.198287 -0.211416 0.212086 -0.0421302 0.0189209 0.201029 -0.707803 -0.395278 -0.0408274 -0.034493 0.176184 0.0340872 0.0162892 -0.727005 0.601335 0.549064 -0.20378
-0.382852 0.0190769 -0.0743413 -0.0876 -0.00753052 -0.615137 0.0125146 0.172228 -0.0162831 0.206782 0.211849 0.227961 -0.579129 0.101556 0.361868 -0.172479 0.245113 -0.283286 -0.000692424 0.267371 0.0055345 0.127584 0.0744703 -0.217474 -0.323023 -0.184363 0.732932 0.15784 -0.33105 0.172157 -0.0994793 -0.0679683 -0.0155247 0.0156873 0.149196 -0.121214 -0.083264 -0.0204371 -0.585542 0.317111 0.156132 0.0284129 0.323953 -0.32171 0.714072 -0.387043 -0.140679 -0.101395 -0.0847998 0.042353 0.390413 -0.00201506 -0.0664405 -0.00645185 -0.801451 -0.0372068 0.185289 0.253913 -0.687233 0.120208 -0.138478 1.45904 -0.143925 -0.783462 -0.205591 -0.063307 0.0114977 0.280065 -0.00801965 0.0159395 -1.15752 0.0692244 0.0650046 -0.423329 -0.00659803 0.536472 -0.136948 0.181433 0.173354 -1.01161 -0.33467 -0.310761 -0.513434 0.23384 0.0884742 0.3396 -0.935826 0.317941 0.435945 0.621252 -0.290972 0.102009 -0.0693696 0.29423 -0.0410673 -0.515844 -0.290909 -0.0454066 -0.0446171 0.232802 -0.329418 -0.0280648 -0.0377359 -0.396746 -0.242758 -0.182985 -0.040099 0.188922 -0.235034 0.329126 0.209785 -0.12439 -0.0148486 -0.274158 0.0413418 -1.02042 0.0398157 0.547978 -0.0586591 -0.0605559 0.281066 0.23473 -0.106935 0.0118371 0.204425 0.0544843 0.14896 -0.358356
0.0170739 -0.142702 -0.090275 0.0341239 -0.27202 0.10106 0.00774416 0.01944 -0.0780858 0.276182 0.249726 -0.0128589 -0.102899 0.122889 0.300004 -0.0536151 -0.0748441 0.142027 0.249247 -0.0245246 -0.115359 0.116967 0.166927 -0.0900386 -0.150161 -0.0595094 0.398575 0.34045 -0.115571 -0.518342 0.337458 0.243026 -0.0404216 -0.248677 0.9097 -0.0172639 -0.196598 -0.0118534 -0.118227 -0.000160591 0.0524254 -0.0787661 0.465735 -0.0260288 0.460565 -0.401386 -0.218742 0.196856 0.0288734 -0.189475 -0.045714 -0.262242 -0.0904509 0.00896854 -0.00491946 0.0330857 -0.10163 -0.0986011 0.112056 -0.021842 -0.0442909 -0.589844 0.100326 -0.119301 0.241129 -0.638545 0.0151227 0.141435 -0.204188 0.301059 0.302551 0.0462483 0.00769439 -0.100321 -0.0478704 0.557188 -0.187211 -0.1284 -0.0486714 -0.165107 -0.0678181 0.129869 -0.395908 0.00669239 -0.261415 -0.268667 0.0466783 0.122255 0.283527 0.343748 -0.275736 -0.375957 0.0817924 -0.17024 0.175438 -0.160372 0.0309476 -0.12703 -0.0520282 0.118423 0.00986522 0.0808364 0.148217 0.0257478 0.016693 -0.0173121 -0.6429 0.0311877 0.172726 0.682981 0.187891 -0.0273039 0.164577 -0.11048 0.076424 -0.73598 -0.0482828 -0.0148455 0.100162 -0.140035 0.129414 0.0939177 0.0610232 0.25334 0.0759467 0.0277792 -0.0162561 0.376484
0.133591 0.1967 0.0242267 -0.0770509 0.0952102 0.108428 0.0282976 0.133394 0.133791 0.0825784 0.0244629 0.149955 0.381823 0.127332 -0.0186485 0.0152965 0.166628 0.0934176 -0.0699235 -0.00649457 0.125947 -0.337869 0.0492939 0.0527614 0.0984411 -0.1906 -0.0667024 0.212665 -0.341407 0.0680024 -0.433267 0.100883 0.0439785 -0.108845 0.0285855 -0.0167832 -0.0715867 0.0638476 0.0617345 0.0423203 0.00929519 -0.101364 0.197523 -0.20733 0.0155512 -0.311953 -0.151394 0.180262 -0.0870893 -0.121491 0.0497713 -0.0946231 -0.0159655 0.31029 0.175042 0.165798 0.0685714 0.0994067 0.243224 -0.0265267 -0.114201 -0.0770508 -0.191334 -0.0347042 -0.246782 -0.0100163 -0.166367 -0.0556031 -0.36292 0.0612693 0.0106351 -0.0269636 0.0168425 -0.0338558 0.0870782 -0.191141 -0.0650159 0.085939 -0.078954 0.178862 0.0431985 -0.0751104 0.0762396 0.0988556 0.0979611 -0.0338369 -0.149753 -0.0137907 0.100677 -0.0608746 0.00512587 0.170397 0.1193 -0.00545109 -0.188696 -0.334903 -0.111373 -0.27003 -0.0271518 -0.227654 0.225343 -0.126055 0.169901 0.0499912 -0.0591491 0.0530863 -0.345382 0.152535 -0.0494427 -0.309024 -0.0657854 -0.00499324 -0.0334739 -0.115103 0.0419749 0.0764165 0.29046 -0.0554354 -0.0974604 0.0185534 -0.174014 -0.0511626 -0.111113 -0.0295793 0.137809 0.198448 0.278241 0.306635
0.177407 0.226401 0.441023 0.0630662 0.0763986 0.0399976 0.0445651 0.0658375 0.239793 -0.118528 0.180959 -0.129713 -0.251263 0.377975 0.167473 0.248621 0.0693054 -0.273121 -0.0509951 0.140599 -0.0953449 -0.660921 -0.256997 -0.151998 0.161001 0.0947972 -0.182579 -0.295301 -0.566713 -0.137134 -0.254896 -0.010427 -0.233975 0.0138717 -0.0739757 -0.0613844 0.0480136 -0.516018 -0.571193 -0.213694 -0.307384 0.0249648 0.150614 0.00308241 -0.380535 -0.191682 0.170113 -0.102199 0.226207 0.0859851 -0.186358 -0.0645498 0.11528 0.302042 -0.168287 -0.207751 0.585039 -0.22069 -0.0103133 -0.160222 -0.0729264 0.00605168 0.0549354 0.116375 0.00627813 0.116911 0.00822722 0.17547 -0.473972 0.20381 -0.521275 0.135757 -0.142587 -0.0135467 0.070563 0.00351421 -0.0856827 0.548404 -0.0116779 0.382459 -0.118948 0.0205913 0.399531 0.255707 0.117986 0.072252 -0.0166603 -0.163709 -0.163683 -0.0254618 0.0367498 -0.102183 0.313607 0.328301 0.0305873 0.172846 -0.163209 -0.357543 0.0291568 0.102697 -0.270099 -0.47975 0.0914194 0.136655 -0.334004 0.0422104 0.056164 0.0845834 0.0807418 -0.229178 0.214976 -0.159664 0.0203152 0.155607 0.529037 0.0552018 0.272291 -0.0205963 0.0762328 0.050585 -0.254613 0.00393153 0.0110143 -0.128948 -0.00502215 0.0683049 0.567134 0.813955
-0.0466643 0.2424 0.662872 -0.0289963 0.220688 -0.0461379 -0.1767 -0.126488 0.468993 -0.104445 -0.152892 0.172359 0.448591 -0.0232447 0.0928919 0.122587 0.167917 -0.0635205 -0.239356 0.252575 0.163059 -0.559227 -0.778524 -0.206659 -0.366661 0.167265 -0.330342 -0.595407 0.0862971 0.0533944 -0.309513 0.29609 -0.115478 0.271393 0.124884 0.200531 0.0949777 -0.0221657 -0.24041 -0.628134 0.362732 -0.0398402 0.101807 0.18656 -0.517791 -0.0686644 -0.022999 -0.04242 0.197364 -0.0487629 0.179397 0.0133988 0.120443 -0.0832389 0.0528225 -0.592122 0.568877 0.193294 -0.245482 -0.156075 -0.0376474 0.203101 0.16253 0.324597 0.0723268 0.0863044 0.216058 0.0709927 -0.143868 0.0579325 0.0316856 0.108187 0.205111 0.14103 0.0989341 0.0146986 -0.388068 -0.670266 -0.55916 0.28724 0.176168 -0.208806 0.576584 0.0380743 0.149078 0.0845112 0.215315 -0.474544 -0.451539 0.153582 -0.541577 0.370195 -0.0110491 0.0771516 -0.091205 -0.402726 -0.243549 0.176905 0.0948006 0.390363 0.839077 -0.503469 0.293704 0.0622484 -0.165237 0.448484 -0.0692723 0.462447 1.13671 -0.454674 0.196086 0.105698 -0.120677 0.137876 1.05395 0.0285886 0.280054 0.421133 0.0357646 0.00685914 -0.21439 0.197479 0.535154 0.000728702 -0.060233 -0.026337 0.390831 0.574247
-0.23107 -0.218441 0.341061 0.115634 0.527328 0.259838 0.175301 0.0303457 -0.00454922 0.198587 0.243613 0.0664281 0.068626 0.00371062 0.434826 -0.0912756 -0.107733 -0.0239678 -0.136148 -0.378986 -0.0381234 -0.0917094 -0.0604195 -0.281287 0.275484 -0.00334367 -0.35706 0.77207 0.140168 0.296844 0.294772 -0.201487 -0.107183 0.419526 -0.139813 0.0469718 0.317653 -0.23328 0.403632 -0.172796 0.0570454 -0.220812 -0.3412 0.290684 -0.407359 0.085966 -0.0361717 -0.291481 -0.0843899 -0.139837 -0.101082 0.125999 -0.173057 0.157759 0.196611 -0.386571 -0.75616 0.404837 -0.794581 0.0446895 0.212821 -0.0890278 0.110176 -0.0302291 0.107346 0.273416 0.110466 -0.191707 0.220427 -0.0156424 -0.0285007 -0.145133 -1.05089 0.00191988 -0.334298 0.0832813 -0.0532373 -0.188377 -0.212365 -0.463237 0.265375 0.598516 -0.451556 0.0925604 0.0448335 -0.258022 0.250115 -0.505074 -0.122033 0.146089 -0.460476 0.118019 -0.0623016 -0.174385 0.283255 -0.0303321 -0.213722 0.235702 -0.100593 0.228684 -0.798329 1.87041 -0.34672 0.314886 0.180277 0.791737 0.113607 0.331866 -0.333394 -0.372439 -0.321471 0.209149 -0.0596617 0.524746 1.21272 -0.199094 0.358913 -0.220409 -0.107427 -0.0530591 0.0846435 0.253333 0.0864195 -0.389476 0.0064678 -0.0656364 0.233812 0.292097
0.0249758 0.247683 -0.166898 0.0409955 -1.40445 -0.384388 0.108633 -0.0149465 0.00393362 0.232112 0.128392 0.0674907 -0.243657 -0.304342 0.061182 0.000272967 -0.159417 -0.329158 -0.396696 0.100642 -0.256826 0.51287 -0.15887 -0.784414 0.766506 0.0862955 0.593158 0.482028 0.0275904 0.11395 0.593781 -0.163177 0.0918906 0.202945 -0.477563 0.209704 -0.124912 -0.19997 -0.812144 0.107202 -0.391399 -0.190784 0.232155 0.0138791 -0.067156 0.0651847 0.4091 -0.11584 -0.0492985 0.267461 -0.0540531 0.244877 0.0348761 0.066025 -1.19303 -0.549804 -0.0824989 0.116308 0.993771 -0.0678256 -0.104649 -0.293452 0.11943 0.222585 0.303649 0.340328 0.108709 -0.0264088 0.422029 -0.143116 0.484686 -0.41136 0.328372 0.136769 0.0468603 0.0707291 1.28626 0.119123 -0.11477 -0.0645433 0.245878 -0.0543071 -0.249418 -0.11446 -0.0604049 0.14174 0.156853 -0.145286 -0.223226 -0.221625 0.323817 -0.422862 0.139832 -0.0770123 -0.278575 -0.0634158 -0.0478904 0.140847 0.146728 -0.297504 0.157326 -0.200991 -0.292299 0.0842684 0.10567 0.452582 0.305149 0.254817 0.305645 0.18062 -0.656419 0.0674962 -0.106996 -0.53142 1.15993 0.237748 -0.0834179 0.16954 -0.172687 0.0226517 -0.281915 -0.0710709 -0.0614939 0.209384 -0.106187 0.404243 0.0849533 -0.0546918
-0.00224525 0.105344 -0.236759 0.0811525 0.881889 -0.288092 -0.116105 0.138547 -0.226677 0.0382835 -0.0262765 0.0208108 -0.224118 -0.242175 0.395394 -0.128387 0.19339 0.17439 -0.250637 0.135584 0.0535206 -0.135887 0.203274 -0.460597 0.474067 -0.287812 -0.57577 -0.0887151 0.472123 0.0550374 0.443535 0.21532 0.038393 -0.0102955 -0.464665 -0.277938 -0.0939492 0.0331206 -0.0832561 -0.225942 -0.410739 -0.297509 0.618099 -0.399295 0.0248942 -0.735193 0.183394 -0.0805119 -0.546653 -0.287416 -0.0345164 -0.215699 0.480363 -0.0586346 -1.00358 0.549712 -0.0047388 0.0739753 0.432659 -0.160295 -0.0974598 1.45604 -0.0796634 -0.561204 -0.23008 0.127945 -0.127363 0.217016 -0.127777 -0.106441 0.219695 0.167225 0.318708 -0.657722 0.107932 -0.0802499 -0.133445 0.253909 -0.989206 -0.0690858 -0.0242816 -0.192215 -0.869102 -0.289767 0.00214025 0.569875 0.865715 0.0933482 -0.373781 0.137659 0.164827 -0.0336259 0.214483 -0.247913 -0.132002 0.465185 0.00167871 0.296276 0.366859 0.18593 0.181603 -0.501324 -0.194507 -0.0793887 -0.0194573 0.09571 0.193721 0.391794 -0.26136 0.457547 -0.144279 -0.36956 -0.279707 -0.971564 1.13367 0.398897 -0.0563182 -0.218681 0.135138 0.0381563 -0.0541234 -0.0220819 0.13122 -0.0665124 -0.0123062 -0.0494254 -0.0392561 -0.0959513
-0.020083 0.408903 -0.42878 0.0427242 0.217717 0.0690083 -0.109168 0.0330245 -0.318696 0.035526 -0.0464136 0.0150777 -0.43533 0.0725457 0.269703 -0.155467 -0.34825 0.0583944 -0.0689081 -0.653906 0.289542 0.0123721 0.172785 -0.434513 0.144502 0.180839 -0.100032 -0.048764 0.0256927 -0.01501 0.350923 -0.0201675 0.0277787 -0.0291931 1.36615 -0.0921596 -0.0553957 0.386689 -0.27068 -0.254005 0.11275 0.511904 0.0499126 -0.239361 0.24555 -0.513284 0.00932104 -0.220517 -0.0980724 0.0945683 0.0670533 -0.443601 -0.0208333 -0.0509127 0.354652 0.0197645 0.0228102 -0.075757 0.0464299 0.174302 -0.429122 -0.0294704 -0.0357189 0.429501 -0.00423793 0.0619601 0.260673 0.000989982 -0.132403 -0.181594 -0.635411 0.352895 0.106567 -0.450217 0.056674 -0.162941 -0.484234 -0.0992545 -1.13054 -0.436764 0.269264 -0.0230221 0.19386 0.1275 -0.145014 0.292222 0.182677 0.195023 0.0467247 0.179867 -0.0140123 -0.1719 -0.105084 0.143911 -0.183249 0.185386 0.160222 0.106639 0.169424 0.429163 -0.0231446 0.13124 0.0158199 -0.365052 0.270884 -0.145004 0.119067 0.0898844 -0.402794 0.505801 0.173011 -0.087912 -0.227591 -0.0328821 0.970804 -0.784046 0.125394 0.102414 0.263556 -0.0120889 0.404579 0.0164418 -0.106735 -0.403907 0.160331 -0.123017 0.030871 -0.130423
-0.00338464 0.239932 -0.00405237 -0.114803 -0.172614 0.215695 -0.0380427 0.0724091 -0.294783 0.0128115 0.054461 0.0809142 0.0825301 -0.381385 -0.0102 -0.176279 -0.598458 0.10077 0.0930486 -0.486204 0.145234 0.033284 0.130292 0.032103 0.0411955 -0.0326524 0.0741869 0.116096 0.0827465 -0.0300559 -0.00734737 -0.160973 -0.00595654 0.136523 0.0177612 0.221215 -0.147223 -0.00193672 -0.0845355 0.00853949 -0.0986944 -0.0839915 -0.0526914 -0.174655 0.128844 0.0111656 -0.0702908 0.0867526 -0.194115 -0.0438628 0.00983698 0.00827774 0.135321 -0.187416 0.1976 0.0930419 0.477222 -0.0571691 -0.175611 0.010423 -0.00989455 -0.413546 -0.144384 -0.296316 0.0430811 -0.121656 0.0282261 0.0329589 -0.188046 -0.0260811 0.16786 0.15134 0.238474 0.0186597 -0.0288039 0.0364794 -0.248241 0.00918785 -0.0249525 -0.349061 0.170151 0.0267763 -0.0345974 0.254107 -0.0106279 -0.0637128 0.14492 0.0309697 0.0829594 0.233002 0.0434342 -0.227027 -0.0786004 -0.267492 0.198666 0.138129 0.089701 0.0888755 0.00585514 0.105263 -0.155121 0.0712499 -0.208635 0.0110889 0.144658 -0.401523 -0.0346005 0.0237325 0.163924 0.451707 0.314247 0.0471344 -0.0133487 0.150513 0.34496 -0.083532 -0.130395 0.110495 0.0159974 0.0541663 0.0730264 -0.121502 0.0695765 0.0924768 -0.0246105 0.158672 0.0543176 -0.0283464
0.0324618 0.0302172 0.137627 0.0565483 -0.0410326 0.0918489 0.106417 -0.0268785 -0.052525 0.114271 -0.033108 0.0146068 0.109857 0.129439 -0.205132 -0.110283 -0.382096 -0.146932 0.158525 -0.010805 -0.0568083 -0.187162 -0.0605517 0.0957312 -0.0740782 -0.14293 0.0804851 0.0668021 -0.156963 0.0710537 -0.142803 0.184816 0.215618 0.166176 -0.0472737 -0.219855 -0.130094 -0.0174935 0.184744 0.198379 0.0308796 0.181178 0.0134479 0.00526293 0.220066 -0.12584 0.0472343 -0.123399 0.0163188 0.0410496 -0.144043 0.0796031 -0.0751798 0.195419 0.0037029 0.0608086 0.140638 0.234629 0.0629656 0.148517 0.0471283 0.102128 -0.0580526 0.0864589 -0.0117433 -0.0558658 -0.180961 -0.137467 -0.116481 -0.0238704 -0.097508 0.08169 0.0740088 0.00607439 0.0786422 0.116274 0.0795048 0.242902 0.0905577 0.149555 -0.0944663 -0.181587 0.068583 -0.0864564 0.100383 -0.0416165 0.0544541 -0.1578 0.0497041 0.0952299 -0.0457578 0.204669 -0.0969113 -0.0807951 0.12604 -0.221721 0.210224 -0.0641251 0.0864017 -0.0541908 0.165908 -0.0177634 0.059362 0.125656 -0.267035 -0.127334 0.0463962 0.14516 0.0829145 0.141268 0.173058 -0.177548 -0.167857 -0.0351357 0.0187812 0.198821 -0.210632 -0.00134247 -0.0949743 0.0353626 0.136112 -0.0351874 0.0504254 0.0959593 -0.0226756 0.202448 -0.324061 0.174873
0.074353 0.134915 0.268435 -0.0323391 0.0521733 0.212181 0.128556 0.047198 -0.42372 0.394316 0.0820478 0.0306221 -0.00625436 -0.0954311 0.0809621 0.0298615 -0.10742 0.0533716 0.0162756 -0.514258 -0.206464 0.0212344 0.0967989 0.0644273 0.0778492 -0.0803935 -0.101225 0.042524 -0.289394 0.0802428 0.0730662 0.140084 -0.204046 0.124969 0.193966 0.130737 0.247953 -0.0540497 0.0388119 0.163661 0.146307 -0.161001 0.0404022 0.0208421 0.0526342 -0.0462415 0.207273 -0.0303811 0.130951 0.0163504 -0.00837765 -0.166695 0.267565 -0.236692 -0.140277 0.0906691 -0.1133 -0.130108 -0.0205486 0.016725 -0.292289 -0.113464 -0.293506 0.122148 -0.315527 -0.0146802 -0.154211 -0.104044 -0.226423 0.0696099 0.101999 0.325527 0.316041 0.09018 -0.119118 0.12145 -0.0592507 0.270309 -0.0111755 0.176136 0.0698996 0.0207706 0.331306 -0.00936749 0.220814 -0.154537 -0.0747958 -0.117436 -0.0428565 -0.0997031 -0.133851 -0.0837429 0.145404 -0.26176 -0.310047 -0.0430138 -0.0347061 -0.26555 0.242938 0.0735233 0.0760756 -0.121998 0.252086 0.127345 -0.115487 0.22765 -0.00945881 -0.0640529 0.114777 -0.0706467 -0.11894 -0.0925907 0.0238305 0.076076 -0.0097937 0.427448 0.0741383 -0.0317382 -0.307601 0.120092 -0.0851234 0.23884 0.1568 0.0594311 0.0730938 0.142226 -0.153785 0.122508
-0.00500064 0.304096 0.22111 0.192667 0.0913551 -0.224844 0.135283 0.224855 0.375596 -0.597298 -0.184892 -0.526749 0.0465183 -0.36618 0.279946 -0.255493 0.0623337 0.0059606 -0.0440398 -0.818138 -0.323918 0.027004 -0.00542994 0.122675 -0.667721 0.299898 -0.203371 -0.870847 0.128705 0.337048 0.455686 0.0869705 0.0244624 0.196119 0.183191 0.171593 0.14821 0.0395429 0.0061074 0.0772878 0.0783929 0.164346 0.24482 -0.103325 -0.108457 0.197508 0.154167 0.145366 0.0934908 -0.134693 0.231444 0.00433137 -0.0891892 -0.749587 -0.397545 -0.0335664 0.328631 0.0243554 -0.368155 -0.00386544 -0.883677 -0.109941 0.0992127 0.185873 0.0665151 0.0294561 -0.18915 0.0818511 -0.230931 -0.0670645 -0.128249 0.272182 0.0348615 -0.00752901 0.194938 -0.0592413 -0.187504 -0.0299978 0.0120005 -0.0600925 0.10375 -0.247935 0.201969 -0.113289 0.122109 -0.213493 0.0979142 0.203443 -0.509178 -0.0816245 -0.207942 -0.194867 0.0472971 -0.067376 -0.135796 -0.25749 -0.201361 0.324074 0.378576 -0.00155622 0.463437 0.0239844 0.197329 -0.332846 0.104752 0.136022 -0.0230101 0.103697 -0.154354 -0.267285 -0.315317 -0.264707 -0.0746931 0.131174 0.11766 0.206679 -0.165998 0.216251 0.189371 0.144746 -0.284081 -0.322158 0.119296 0.0739881 -0.0814964 0.098786 -0.360125 -0.0208904
0.335448 0.341055 0.142419 -0.0915142 -0.189136 0.192339 0.139343 0.210296 0.829571 -1.83302 -0.12183 -0.0620266 0.126359 -0.544431 0.113593 -0.199817 0.0252095 0.218109 0.0892773 -0.0621843 -0.319076 0.221669 -0.0666967 0.0600003 -1.03981 0.173651 0.10903 -0.208288 -0.126521 0.287671 0.828431 0.170658 0.203607 0.0249781 -0.325331 0.0427679 0.0881658 0.116329 -0.0245167 0.0369388 0.195331 0.474908 -0.0778841 0.0157612 0.0988218 0.0525427 -0.130405 0.153112 -0.00776664 -0.0241463 0.0540151 -0.175103 0.126699 -0.98395 -0.614309 0.160844 -0.144472 0.0589634 -0.186539 -0.120777 -1.36249 -0.0631234 0.0177746 -0.103964 0.198465 -0.00423286 -0.057427 0.164281 0.0885309 0.127477 -0.0612614 -0.0576431 -1.12499 -0.0563708 0.27691 0.00308843 0.182007 -0.103564 -0.0808401 -0.0444981 -0.462497 0.721887 -0.0736364 0.271426 0.0590454 0.0168027 -0.0106512 0.0344689 0.41602 0.13314 -0.227679 -0.0988555 0.0505988 -0.101223 0.0354917 0.0100306 0.374353 -0.0435834 0.0102471 -0.0863717 -0.543323 0.35383 -0.013121 0.140874 -0.0769241 -0.113167 0.150593 -0.206578 0.0863474 -0.197231 -0.0281434 0.240242 -0.12072 0.0417862 0.212244 0.158341 -0.249237 -0.039564 0.212174 0.186854 -0.0417517 0.322878 -0.0139945 0.0732431 -0.0946924 0.157484 -0.271646 0.0695017
-0.418518 -0.250246 -0.0748665 0.129576 -1.24112 -0.137185 -0.00167965 0.137851 0.146822 -2.15503 -0.201332 -0.111202 -0.0746284 0.00172152 0.239382 -0.300059 0.0589158 0.111164 -0.263855 -1.12553 0.0255421 0.116524 0.0553649 0.0364542 -0.162344 0.251436 0.367594 0.609707 -0.0502146 0.462367 0.510808 -0.161903 0.0960142 -0.144704 -0.177277 -0.14525 0.211255 0.264549 -0.348846 -0.0537983 -0.171698 0.462851 -0.0281726 0.082958 0.0710396 0.0389759 0.216612 0.184103 0.0437887 -0.0167735 -0.097908 0.0851035 0.126176 -0.690496 -0.172317 0.041745 0.125031 0.469481 0.296103 0.0449646 -0.313276 0.347956 -0.0612402 0.0917402 0.0866105 0.0763483 0.00259667 -0.296486 -0.0433269 -0.104139 0.0842354 -0.0228542 -0.571016 -0.619788 0.0569594 0.127115 0.109215 -0.0785859 0.161702 0.0937054 -0.0127755 -0.0930119 0.154902 0.197038 0.129261 -0.273034 -0.598741 0.0337154 0.0766787 -0.160581 -0.29425 -0.0279735 0.0552043 -0.0808357 0.140838 -0.47399 0.270434 -0.232629 0.0901468 -0.184498 0.305445 -0.270058 -0.137288 0.0980389 0.250453 -0.0309056 0.139223 0.0576044 -0.113553 0.0679733 -0.214545 0.242957 0.194041 -0.142048 0.050994 0.161276 0.0343125 0.0595304 0.0310224 0.0671179 0.0546069 -0.177026 0.203284 0.160325 0.0171361 0.125901 0.00291109 -0.133251
-0.0386684 -0.132603 -0.161772 0.0875308 -0.061748 0.0758862 0.0185565 -0.105001 -0.00245062 -1.39039 -0.121607 -0.272245 -0.0353455 -0.211904 0.115804 0.0315882 0.168165 -0.0423667 -0.091393 -1.4374 -0.0987263 -0.0573836 0.129371 0.0592615 0.425821 -0.0812942 -0.070997 0.389546 0.0505627 0.243612 0.232783 -0.634323 0.0948366 -0.0598745 0.351545 -0.0217709 -0.1843 0.190785 0.134245 -0.113569 -0.284843 -0.0614842 0.0899654 -0.396615 0.044552 -0.0311357 0.322137 -0.0335089 -0.229606 -0.0669288 0.123533 0.260138 -0.0490562 -0.230829 0.32754 0.0300336 0.238096 0.314441 0.173917 0.0752029 -0.332417 0.249165 0.122121 -0.408804 -0.00910006 0.229378 0.333066 -0.121503 -0.142407 -0.0561081 0.0672582 0.141655 0.0509675 0.0142461 -0.0253263 0.161059 -0.0219897 -0.0320336 0.202 0.0206733 0.155771 -0.29389 -0.565824 -0.311382 0.138511 -0.0204309 0.0290309 0.0775804 -0.482792 0.235295 0.0880605 -0.0326916 -0.0969352 -0.118408 -0.0454886 0.0243305 0.186683 -0.0159705 0.19556 -0.126075 0.230361 -0.27862 -0.0168048 0.0483434 0.232673 0.00516366 0.0929868 0.275962 -0.314701 0.526498 0.000392995 -0.0750521 0.224313 0.115332 -0.0541123 0.15535 0.0375733 0.000529074 0.141322 -0.0322176 0.090959 0.10559 0.197206 0.0191413 -0.0297459 -0.0323746 0.0575748 -0.0903317
0.0331931 0.0417613 -0.11175 -0.160435 0.0935097 -0.0783132 -0.138915 0.149752 0.344498 -0.0666251 -0.247969 0.00332598 -0.129908 -0.235572 -0.0709636 -0.318043 -0.0377564 0.0712081 0.0372934 -0.669466 0.0780098 0.0363143 0.148466 0.0269666 0.147764 -0.220829 0.0312432 0.000131691 0.1395 0.0739846 0.154786 0.132981 0.0404858 -0.0275466 0.22109 -0.0800453 -0.0736853 0.345707 -0.0591032 -0.0774029 -0.034872 -0.473221 -0.182911 0.0123724 0.404806 0.0909733 -0.0562825 0.0803178 -0.437171 -0.109621 0.0142216 -0.0605366 -0.117474 -0.00232684 0.11672 0.243602 0.130155 -0.0498298 -0.049947 0.0240074 0.37979 0.130131 -0.0201939 -0.0348493 -0.0573439 0.0805462 -0.0260697 -0.144866 -0.0923815 -0.00857998 -0.0962167 -0.0234128 0.0513498 0.200643 0.360008 -0.266763 -0.263869 -0.157204 0.123001 -0.128869 0.0674838 -0.126913 -0.287492 0.0770298 0.0686688 0.187729 0.248439 0.00556481 -0.230202 0.192429 0.07068 0.0437562 0.0218174 0.024184 -0.10586 0.000376638 0.0559778 0.0199485 0.0979303 -0.123237 0.0345542 0.090666 -0.018432 -0.000312603 -0.233691 -0.321149 0.183984 0.19681 -0.0461087 0.247936 -0.312473 0.0164807 0.223087 0.228539 0.0563176 -0.00502065 0.147651 0.0899969 0.108437 -0.0459592 0.256773 0.179112 0.0168204 0.147212 -0.165196 0.168868 -0.158064 0.0867727
0.054973 0.0169764 -0.0957688 0.0475288 -0.15773 -0.197228 -0.118267 -0.00370008 0.0685087 0.0558172 -0.231555 0.0108567 -0.24584 -0.0679411 0.128513 -0.000542603 0.062983 -0.124587 0.325183 -0.0213582 0.102848 0.0294502 0.0957614 -0.11186 -0.0980462 0.0378982 -0.0803465 -0.0956397 0.140895 -0.0291611 -0.257468 -0.0419824 -0.001853 -0.0461572 -0.153769 0.0379735 0.0976705 0.151563 0.062349 -0.0409733 -0.0357741 0.107101 0.0217793 0.106366 0.104881 -0.105703 0.0313286 0.087211 -0.0919266 -0.0638751 0.146421 0.0151509 -0.0231351 -0.10539 0.159866 0.0823153 0.102693 0.278151 0.0609711 -0.0754412 -0.0785545 0.0285045 0.085395 0.000348222 0.0299135 -0.0134958 -0.0864164 -0.0459242 0.00103703 -0.129804 -0.0879809 0.05274 0.0932042 0.101054 0.242024 0.146308 -0.0640382 -0.1511 -0.227348 0.0169489 0.0949633 -0.042335 -0.043349 0.15405 0.131889 0.0721424 0.0740837 -0.394755 -0.151589 -0.121622 -0.0457071 -0.073185 -0.26082 0.00847165 -0.0514569 0.123266 0.230109 0.07319 0.0897647 0.0716019 -0.106863 0.0684236 -0.255968 -0.0217554 -0.0871448 -0.0860667 -0.0581205 -0.0623237 0.109491 -0.0412516 -0.0488219 -0.0470528 0.0723742 0.0540041 -0.0159916 0.0354849 -0.204496 0.134845 0.0330932 0.0114496 0.0146715 0.17932 0.132194 -0.263474 0.0430916 0.15985 0.0172397 0.02729
1 128
-0.00977688 0.000870474 -0.0623045 -0.0568827 -0.226337 0.167714 0.0411023 -0.0446469 0.121452 -0.304686 0.246306 -0.28586 0.0144012 0.0685955 0.381051 0.0576774 -0.150834 0.0327433 -0.334041 -0.132839 -0.0159539 -0.0893837 -0.126504 0.188815 -0.387094 0.140878 0.115425 -0.0483328 -0.0578556 0.31639 0.48878 -0.0720074 0.108499 -0.00231911 0.293557 0.092861 0.00231542 0.219811 -0.352341 0.00967027 -0.00252113 0.265609 0.0834664 0.06112 0.15552 0.0764651 -0.0981195 -0.0774434 0.323276 0.0793093 0.327955 -0.107494 0.0462935 -0.114858 -0.237338 -0.181853 0.351771 -0.13757 -0.0722046 -0.208921 -0.379197 0.201451 0.174064 0.0952255 -0.0245055 -0.245173 0.00901715 0.226898 -0.0372685 0.0462614 -0.0880678 -0.00168423 -0.388698 -0.282386 -0.121075 0.036483 -0.362792 0.229939 0.034562 -0.328732 -0.482973 -0.364487 -0.262825 0.0992006 -0.0796248 -0.186048 0.159964 0.292301 0.253195 0.289048 0.201271 0.0486312 -0.0789519 0.0880122 0.19221 0.392565 0.0112666 -0.406897 -0.181921 -0.137024 0.00660524 -0.242006 -0.163031 0.36263 -0.112338 0.132383 0.118551 0.469026 -0.487272 -0.0184834 -0.212594 0.307226 0.0790717 0.0769566 0.321212 -0.278118 0.0872053 -0.170085 -0.0692067 0.0156134 0.269878 -0.00280034 -0.0960141 -0.309996 0.191022 -0.117537 0.00427951 0.140061
128 64
-0.0443049 -0.00333448 0.00350328 -0.137169 0.136404 -0.2427 0.05463 0.106081 -0.123426 -0.156735 -0.389498 0.0040281 0.161965 -0.13053 -0.202497 -0.0495343 0.303219 -0.0884162 0.139416 -0.418994 -0.654283 -0.332599 0.277569 -0.62335 -0.395939 0.179345 -0.20196 -0.014473 -0.0682414 0.342986 1.04783 0.198809 0.427611 -0.235163 -0.053946 0.182695 -0.177161 0.0734596 -0.0403051 -0.172466 -0.136937 -0.214477 -0.214233 0.156043 -0.083387 0.224182 0.0950037 0.0318836 -0.227419 0.0471673 -0.0144261 0.0514079 -0.0390081 -0.0654443 0.0413413 0.32626 -0.118029 0.0276213 0.060331 0.173128 0.139799 0.420767 -0.091611 -0.20493
0.54408 -0.221114 -0.0516245 0.0135665 0.333264 -0.105351 -0.0140281 0.207896 -0.322406 -0.00300882 -0.345342 -0.0589864 0.134335 0.0337154 -0.625151 0.292377 0.29695 0.121357 -0.0487797 -0.177141 -0.0681039 -0.175128 0.42157 -0.429503 -0.187081 -0.165998 0.394702 -0.0853914 -0.135724 -0.00562951 0.227971 0.108815 0.196025 0.0427357 -0.211182 0.655632 0.128273 -0.355398 -0.279645 -0.195807 -0.659829 -0.214954 -0.122791 0.0344395 0.036971 0.0903193 0.0461929 0.319852 0.318519 0.0563634 -0.0593645 -0.269406 0.0336538 6.7253e-005 -0.0605565 0.239466 0.0310276 -0.210398 -0.283211 0.27713 -0.0297857 -0.166236 0.0318089 -0.0736846
-0.0621341 0.0806654 -0.0848557 -1.00435 -0.36121 -0.0648708 -0.26862 -0.024061 0.0135669 0.78537 0.563835 -0.0270285 0.299665 0.110757 -0.366003 0.0674657 -0.309533 0.184008 -0.0721681 0.0399358 -0.0302341 -0.104525 -0.257927 0.0582221 -0.169214 -0.0423532 -0.0338431 0.216745 -0.38965 0.0885288 -0.0913921 0.0187891 -0.222509 0.307341 -0.0637726 -0.372502 -0.376401 -0.154962 -0.0744906 0.110901 0.127135 0.221431 -0.0226962 0.0422009 0.0897996 -0.137673 0.14374 0.048392 0.0580693 -0.199664 0.575058 0.194371 -0.231458 0.600711 0.0167855 0.191333 0.0109204 -0.032042 0.184082 -0.247333 0.0300612 0.166825 -0.292166 -0.239048
0.306136 -0.140709 0.145577 -0.165845 0.403037 0.477312 0.0867636 0.155016 -0.28068 0.341502 -0.49867 -0.0744743 0.0618118 -0.266523 -0.537739 0.110409 -0.0915672 0.119031 0.0110004 -0.331352 0.306794 0.047399 0.392444 -0.537819 -0.217112 -0.513944 0.239713 -0.201997 0.0432294 -0.167081 -0.465118 0.20061 0.143411 -0.0226114 -0.114197 0.272455 -0.0365698 -0.137501 0.237391 -0.402531 0.0522508 -0.0767086 -0.0754873 -0.212215 -0.137861 -0.133581 0.266496 0.688307 0.827354 0.0144421 0.176846 -0.620573 0.0774947 -0.413731 0.135518 0.334669 0.0084594 -0.321703 -0.110738 0.0807147 0.0197623 0.14677 0.0811373 0.0122642
0.511409 0.111099 -0.122329 0.0596929 0.0289381 -0.00320144 -0.51277 0.0503034 -0.221219 0.0863521 0.329467 -0.018753 0.10302 -0.166195 -0.126806 -0.273918 -0.202361 0.300038 -0.0351863 0.185378 0.114676 -0.432044 -0.387533 -0.0600631 0.225809 0.138059 0.254212 0.345919 0.0522908 -0.0543188 0.462178 -0.158376 0.368696 -0.079404 0.0946312 -0.156753 0.00278176 0.0196921 0.520349 -0.0020596 0.349157 -0.0474311 0.501589 0.200626 -0.231211 0.248554 -0.118258 0.0840273 0.316819 -0.121572 0.352976 -0.181029 -0.0795687 -0.0130036 0.249687 0.942562 0.178988 -0.162653 0.314099 -0.0596254 -0.00273166 0.305198 -0.304898 -0.0329373
-0.067333 0.0239893 -0.169483 0.162534 0.0580437 -0.253018 0.119049 -0.183788 0.215288 -0.0888195 -0.326455 0.305349 0.0257499 0.143028 -0.0414193 0.0457024 0.0190101 0.0545484 0.106234 0.127918 -0.127739 -0.153557 -0.339617 -0.113182 -0.278353 0.239418 -0.0619253 0.0438779 0.00313744 -0.0285823 -0.122553 0.153322 0.167611 -0.210871 -0.53699 -0.0852982 0.227933 0.415488 -0.0223805 0.0493477 0.158229 0.410969 0.0467111 0.268093 0.0179003 0.0741928 -0.25607 -0.098986 0.0774638 0.116865 0.272366 0.215325 0.243231 0.237362 0.224479 -0.0727646 -0.531775 -0.219167 -0.0297627 -0.0506735 -0.255363 -0.297648 0.194379 -0.083743
-0.344522 -0.08534 0.199441 -0.476578 -0.295027 -0.234473 0.042317 -0.0690832 0.016197 -0.108156 -0.258415 0.167594 0.0605706 -0.397667 -0.00165814 -0.285301 0.0909429 -0.329478 0.0364856 0.0278362 -0.161445 0.441792 -0.154117 -0.226569 0.164826 -0.0473751 -0.183719 0.153216 -0.033415 -0.258954 0.496234 -0.0708715 -0.228352 0.241745 -0.206543 0.384967 0.0950697 0.527493 0.301802 -0.514691 -0.00878764 0.337899 0.21386 -0.0336515 0.0632055 0.415587 -0.588732 -0.223465 -0.546189 -0.171152 -0.186443 0.391971 0.373877 0.174007 -0.308796 -0.281783 -0.28473 -0.0671722 0.188592 0.237826 -0.211048 0.51752 0.156094 0.191556
-0.0724546 0.158091 -0.0142692 0.124542 -0.395264 -0.529723 -0.00611106 -0.0698718 0.195846 -0.0366902 -0.383902 0.0989961 -0.100006 0.206356 -0.118127 -0.0594214 -0.196077 -0.132126 0.00384336 0.166667 0.164403 0.199817 0.417321 -0.0823389 0.326068 0.136388 0.267622 -0.207364 -0.0983204 -0.556002 0.505221 -0.183694 -0.0531098 -0.232806 0.00677975 -0.0177174 0.155479 -0.151832 0.106271 0.0648398 0.21961 -0.189845 0.370114 0.287825 -0.0673124 0.392208 -0.188164 -0.571157 0.0386302 -0.0389284 -0.325456 0.0527258 0.13939 0.228813 -0.0346667 0.0229279 0.253221 0.192574 -0.10381 0.246604 0.183862 0.720885 0.335227 -0.191129
0.570155 -0.0055736 -0.0826849 0.0774428 0.0153122 0.638689 0.0914962 -0.0609657 -0.0928856 -0.0306671 -0.251897 -0.280344 -0.151164 0.392749 0.550885 0.209985 0.0774829 -0.146085 0.424048 -0.0180192 -0.202619 0.0883559 0.0920417 0.405327 -0.0228971 -0.212289 0.264771 0.10297 0.0317044 0.202329 0.127345 -0.281766 0.0693166 -0.341543 -0.316813 0.117242 0.275339 0.543698 -0.0136856 -0.0956922 0.319149 -0.349506 -0.0277494 -0.164979 0.355868 -0.0228897 -0.0140347 -0.0191674 0.174156 0.0456313 -0.362416 0.16872 -0.0971808 -0.520473 -0.12824 -0.107323 0.0193588 0.00698462 0.117603 -0.178547 -0.0980253 0.153917 0.0230311 -0.234135
0.0370131 -0.427864 -0.000953863 0.0544432 0.677103 0.0783082 0.237974 -0.605495 -0.206637 -0.292546 -0.0880596 -0.898439 0.21739 -0.254791 0.163526 -0.178489 0.363027 -0.202818 -0.278683 0.114208 -0.29092 0.331883 0.184832 -0.40885 -0.243605 -0.0781705 0.0545679 -0.799575 -0.136353 0.14744 0.0864283 -0.145634 0.131763 0.168888 0.00348839 0.298039 -0.137698 -0.343731 -0.795408 -0.0991967 0.138571 0.185076 -0.192847 0.273423 -0.324255 0.678154 0.300913 -0.119528 0.706088 -0.115222 -0.197542 -0.280042 0.0732075 0.336705 -0.170823 -0.717968 0.232405 0.027119 0.00604107 0.628715 0.17357 0.652354 -0.136885 -0.140689
0.0485023 0.20887 -0.110628 0.0761045 0.237575 -0.108544 0.198322 0.112519 0.354403 0.0581613 -0.551903 -0.308942 -0.0567505 0.0558488 -0.0720991 0.24275 0.150995 0.241881 0.439241 0.291991 0.548092 0.0579843 0.123916 -0.408555 0.224357 -0.115975 0.143832 -0.385847 -0.126531 -0.29979 0.323177 0.251264 0.0966206 -0.202234 -0.140244 -0.255294 -0.192218 -0.0242102 0.0566196 0.328568 0.35527 -0.210855 -0.16421 0.160098 -0.0482898 0.0026189 -0.0198988 0.428676 0.401782 -0.187861 -0.178215 -0.0343513 0.0880746 -0.207215 0.188662 -0.142617 0.0431351 -0.114286 -0.145332 0.421275 -0.119139 0.0391481 0.113685 0.0265751
0.121837 0.378151 -0.0894141 -0.220377 -0.147624 -0.201583 -0.0708585 -0.114882 -0.133084 0.231 -0.112874 0.586931 -0.180934 -0.0635947 0.00605595 -0.0413238 -0.171235 -0.408051 0.100752 0.118049 0.0267076 0.322808 0.10764 0.611092 0.252793 0.00438978 -0.420498 -0.56466 -0.0133721 -0.431025 -0.0660333 -0.115401 -0.204694 -0.0863312 0.455155 0.083718 0.393539 -0.0803875 -0.172303 0.429357 -0.0307187 0.506295 0.392575 0.096561 0.146396 -0.685653 0.116308 0.202365 -0.0501721 -0.0230174 -0.262295 -0.0553405 -0.0380161 0.00943558 -0.234481 -0.0428669 0.38298 0.264787 -0.168234 0.643845 0.205244 0.0940491 0.177257 -0.141784
-0.0911523 0.0914733 -0.00933753 0.190111 0.161384 0.124006 -0.225631 -0.0486463 0.153771 0.0674734 0.0887596 -0.209463 -0.170384 -0.253368 -0.117643 -0.458396 0.225481 -0.0614353 0.195219 0.621145 0.475417 -0.0150299 -0.48098 -0.0199715 -0.0161101 0.204365 0.0291509 -0.0978693 0.22131 -0.318826 -0.260327 -0.146847 0.0239206 -0.366355 -0.274942 0.390215 0.146962 0.180632 -0.15003 0.0762056 0.0509044 -0.0413835 0.0246614 0.22398 -0.00598234 -0.114172 -0.376282 -0.327397 0.222617 0.0151782 -0.042287 0.145291 -0.122574 0.183386 -0.00516635 0.454186 0.522572 0.167655 0.013074 -0.619651 -0.0228641 -0.243089 0.265371 -0.0901432
0.315364 0.0231965 0.0148642 -0.341273 0.146089 -0.0752871 0.0899248 0.166349 0.272713 -0.540709 -0.327596 -0.023957 0.0178981 0.408978 0.448691 -0.106676 0.30227 -0.0419357 0.0532128 0.230113 -0.13316 0.0496238 -0.0467563 -0.0675991 0.187329 0.10463 0.0820254 -0.0173426 -0.113891 0.14387 -0.316392 -0.108717 -0.00864235 -0.176459 -0.0258174 0.07404 -0.334305 -0.0379885 0.130415 -0.0629863 0.0459001 -0.590065 -0.0276059 -0.174932 0.0368917 0.268838 0.152661 -0.2304 0.102717 -0.131859 -0.0261118 -0.150107 -0.226398 -0.78283 -0.274276 0.000389079 0.0564736 0.172684 0.0527298 -0.100699 0.0273466 0.016315 0.068845 -0.0909689
-0.591718 0.041743 0.494412 0.0391794 -0.464965 -0.1853 -0.400595 0.0837236 -0.153918 0.228906 0.0418283 -0.266105 -0.106064 -0.127282 -0.106263 -0.154614 -0.0670123 -0.0195124 0.236024 -0.175969 -0.144695 0.287486 -0.385864 -0.0387735 -0.177926 0.121078 -0.212972 -0.132425 0.0426035 -0.0937369 0.0971275 0.21683 -0.420207 0.507158 0.343176 0.104409 -0.0161594 -0.00941573 -0.0307425 -0.157346 0.0593314 -0.107748 0.196927 0.406345 -0.103811 0.285754 0.478992 -0.59551 0.00297913 0.0306495 -0.00753552 0.231455 0.110616 0.13639 -0.0887642 -0.107046 0.105005 -0.30528 -0.210296 -0.0870031 0.13746 -0.729029 0.42498 -0.0673693
0.32094 0.0162276 0.0834868 -0.163811 0.0911892 -0.103274 0.331504 -0.0251158 -0.207189 -0.637484 -0.131367 -0.066218 0.0682927 0.384847 0.224878 -0.0913444 -0.040362 0.555189 0.481863 0.197219 -0.169821 -0.407577 0.325427 -0.107174 0.0815102 0.541506 -0.0207048 0.359136 0.157071 0.202973 -0.131645 0.0733929 0.0259655 -0.021242 0.177821 -0.137891 -0.326432 0.1025 0.00696513 0.390302 -0.0828324 -0.222484 -0.0234808 -0.187074 -0.100817 0.17685 0.0722767 -0.330942 0.153106 0.027255 -0.0494728 -0.179497 -0.0874615 -0.029162 0.211286 0.0204511 -0.221197 0.397834 -0.256064 0.311497 0.117613 0.255466 -0.595373 -0.0793123
-0.128738 -0.0783849 -0.0836872 -0.306645 -0.083678 -0.207048 0.00211906 0.0538374 -0.0799938 0.335854 -0.0575491 -0.0771098 0.306789 -0.01065 -0.416001 0.275924 -0.268443 0.417314 0.19796 -0.579006 -0.349149 -0.22351 -0.443661 0.05761 -0.222768 0.148017 0.0950648 0.397474 0.203317 0.241842 -0.418064 0.232586 -0.0214437 -0.23573 -0.0689887 -0.0814264 -0.240071 0.225959 -0.264753 0.595409 -0.097202 0.456933 -0.00148605 -0.0877398 -0.0496343 -0.345738 0.0537062 -0.0766607 -0.00108397 -0.191708 -0.0706673 0.274456 -0.0809415 0.678752 0.273156 0.371631 -0.0989261 0.194641 -0.232515 0.249974 0.143524 -0.107689 -0.19474 0.0731003
0.512079 -0.235809 0.0911577 0.0238095 0.0808473 -0.220542 -0.0879115 0.00508137 0.100531 0.0976438 -0.241573 -0.13249 0.171056 0.000328336 0.223158 0.080323 -0.314562 -0.0307799 0.210031 -0.0444027 0.177622 0.261197 0.162514 -0.275848 -0.0541874 -0.213965 0.298632 -0.285089 0.0135582 -0.286998 -0.414213 0.0229062 0.064102 -0.401766 -0.224993 -0.154489 0.355977 -0.114067 0.147571 0.236987 -0.0108744 0.544295 0.20721 -0.263639 -0.0901252 0.232716 -0.274524 -0.0574253 -0.404426 0.162555 -0.284061 0.0630978 0.0437585 0.501711 -0.0526677 -0.242099 -0.106944 0.0665524 -0.282773 -0.0238847 -0.00733669 0.519814 -0.0276475 0.00536829
-0.206874 -0.0699728 -0.0675031 -0.026642 -0.160521 -0.269476 0.0252492 0.0271586 0.000466372 -0.0647951 -0.227435 0.217748 0.0319872 0.266279 0.0862316 0.318707 0.0915826 0.0283484 -0.118156 -0.0907312 -0.180209 -0.0961681 0.0304098 -0.0213515 -0.077721 -0.155108 0.125044 0.228852 0.0890504 -0.110985 -0.0781365 -0.235281 0.161812 0.0637466 0.23855 0.124457 0.014006 0.0282624 -0.0756337 0.366057 -0.0977341 0.0395371 0.102918 0.143963 0.145831 0.120369 -0.138158 -0.0744424 0.184903 0.166361 -0.371751 -0.263876 -0.0424835 0.365082 0.121961 -0.129144 0.116038 -0.206733 -0.000617345 0.342191 -0.186336 0.0560337 0.370449 -0.122256
-0.0539079 -0.324998 -0.183842 -0.0357321 0.319241 -0.0191366 0.513259 0.0457042 0.323696 -0.228358 -0.190739 -0.157439 0.201158 0.209822 0.493613 0.210228 -0.130947 -0.0851556 -0.188297 0.123159 0.170969 0.444926 0.316883 0.00538581 -0.136104 -0.207775 -0.0605363 -0.137158 0.0925101 0.500442 -0.0960688 -0.172371 -0.154057 -0.237031 0.304802 0.0357358 -0.428719 0.07953 -0.0400695 -0.373579 -0.0409664 0.161051 -0.362928 -0.240486 -0.0900713 -0.281756 0.28332 -0.0500343 0.348792 -0.0265639 -0.0823057 0.339674 -0.118038 -0.302726 -0.438384 -0.333018 0.656366 0.0608405 0.219855 0.0341138 0.0242513 -0.37525 0.163971 -0.0851368
0.0443851 0.18408 -0.0987129 -0.103429 0.132196 -0.0268774 0.0409517 0.0181044 -0.169186 0.201386 0.0808426 -0.119767 0.198114 -0.345777 0.094883 -0.312228 -0.203624 0.0170336 -0.590467 -0.0344212 -0.383885 0.347856 -0.133648 0.202973 -0.044499 -0.342181 -0.284342 0.0406448 0.0239706 0.522665 -0.135472 -0.54444 0.333615 -0.0555531 0.139396 -0.234724 -0.0316374 0.23941 0.0241127 -0.0111635 -0.327549 0.584602 0.149804 -0.348897 -0.250141 -0.0700081 -0.429912 0.0485168 -0.279877 0.073493 0.290615 0.284389 -0.102157 0.318468 -0.235481 0.141766 0.180513 0.359123 0.287365 0.36111 -0.109837 -0.36437 -0.280661 -0.269669
-0.362981 0.232329 0.272717 -0.844765 -0.000811528 -0.558645 0.0825199 0.198529 0.477627 0.442407 -0.0535876 0.0146306 -0.209025 -0.156089 -0.335215 -0.326441 0.106573 0.170594 -0.0318117 0.163917 -0.215993 -0.192986 -0.215621 -0.272666 -0.171612 -0.211481 -0.10961 0.0588615 0.0111377 0.276265 0.0731252 0.209482 -0.27168 0.0819106 0.0768118 -0.00368807 -0.368264 -0.12896 0.509593 -0.166692 -0.446185 0.212458 -0.0105518 -0.254902 0.416066 0.194468 0.122711 -0.0567471 0.0634318 0.079485 0.364154 0.255309 -0.100618 -0.145515 -0.20093 0.0866468 0.347759 0.0556091 0.288461 -0.201584 -0.0709243 0.264563 -0.275046 -0.000581498
-0.197978 -0.303894 -0.0647698 0.156329 0.0651696 0.40171 0.479857 -0.0311761 -0.261421 -0.577127 0.0279801 0.449879 -0.278661 0.34638 -0.0721756 0.342181 -0.462919 0.1944 -0.00111282 -0.844051 -0.609251 0.270206 0.30235 0.101274 0.213754 0.510369 -0.460956 0.393519 0.0334036 -0.389816 -0.286587 -0.162895 0.162341 0.315465 -0.317613 -0.0292705 0.41614 0.212699 -0.4119 0.0097381 -0.300704 0.197891 0.379549 -0.310403 0.060575 0.0759188 -0.393216 -0.197506 0.0185801 0.0418642 -0.368264 -0.609168 0.0801259 -0.309942 0.0463784 -0.064202 0.0708039 -0.0400772 -0.112138 -0.0324886 -0.190831 1.0098 0.291361 0.0159191
0.128584 0.0353297 0.121643 -0.113792 -0.0321465 -0.0717758 0.261848 -0.262741 -0.130091 -0.103977 0.339093 -0.18611 0.000489859 -0.0893035 0.170615 -0.375538 0.193602 0.189627 -0.221481 0.070386 0.429854 -0.0138693 0.0527249 0.270985 0.108788 -0.192861 0.265019 -0.0310272 -0.271588 -0.160766 -0.467273 -0.208968 0.034503 -0.498358 0.0564134 -0.92775 0.212426 -0.157395 0.0136719 0.601824 -0.126221 -0.0397752 0.0871602 -0.0620206 0.0462778 0.253361 -0.364027 0.0930864 -0.103575 0.00176368 -0.0842278 -0.0290603 -0.17028 0.34203 0.0894579 0.25865 -0.062657 -0.18389 0.00891611 0.122957 0.216032 0.196978 -0.48097 0.243542
0.27416 0.104354 0.166014 0.00602309 0.0806054 -0.0992718 -0.106887 0.278977 0.0217735 -0.226191 -0.278364 0.113767 0.13208 0.0630208 0.156651 0.16578 -0.156985 0.0961755 0.0489423 -0.0087409 0.104651 -0.289177 -0.316007 -0.158963 -0.00807131 0.104242 -0.122019 -0.316064 0.0677372 -0.133613 0.0435402 -0.307237 0.0402038 -0.0253966 0.239854 0.246838 -0.383853 -0.161818 0.0610123 -0.385984 0.360981 -0.0154876 -0.185561 0.00113913 0.318343 0.614596 0.0982017 -0.180594 0.0755948 -0.0931188 0.285323 -0.642485 -0.10726 0.175253 -0.274216 -0.279938 -0.603853 0.286656 -0.17283 0.179095 -0.0498953 0.61611 -0.127575 -0.135544
0.0888702 -0.144578 -0.0253761 -0.0374312 0.030075 0.468723 -0.093692 -0.0427836 0.0655841 0.10829 0.388444 0.0721742 0.167503 -0.43802 0.0929411 0.0959863 -0.124483 -0.543035 -0.320587 0.144786 0.0905374 0.265207 0.191898 -0.0143856 0.0625951 -0.198391 -0.273072 -0.0183904 0.182056 -0.334549 -0.227553 -0.175037 -0.0670206 0.288671 -0.270099 0.20288 -0.015886 0.00116023 0.0241756 -0.775254 -0.122493 0.804386 0.379434 -0.011209 0.250623 0.224589 0.210533 0.247104 -0.0480371 0.0859518 0.116009 0.419114 0.233552 -0.144045 -0.197603 0.042169 0.0755693 0.0163493 -0.2248 0.0918126 0.13815 -0.248058 0.166811 -0.136377
0.0087049 -0.315936 0.122966 0.099688 -0.103142 -0.128531 -0.140138 -0.159985 -0.048858 -0.508511 -0.00940593 0.477549 -0.12436 0.471262 -0.000153254 0.0566279 0.228443 0.249458 0.239877 -0.0362922 0.0971081 -0.148653 0.192755 -0.111333 0.130914 -0.287001 0.0726167 -0.156064 -0.0689907 0.116618 -0.228901 -0.318178 0.0150426 -0.10426 -0.184778 0.314482 -0.140032 -0.220514 -0.00494765 -0.00382 0.116778 -0.424167 -0.357441 -0.0266314 0.317203 0.424637 -0.153639 0.173532 0.00517421 -0.173636 -0.0925544 -0.0625766 -0.169933 0.135143 0.337518 0.917021 -0.120315 0.0676167 -0.0315689 0.0414097 0.00489732 0.373506 0.681269 -0.254994
0.267056 -0.0831441 -0.287212 0.416047 0.287616 0.325406 0.0309129 0.0529332 -0.240936 -0.110511 -0.191793 -0.687217 -0.0820923 -0.238057 0.251607 0.139353 0.295767 0.02822 0.0564018 0.190636 -0.0861753 -0.0213558 -0.0539094 0.0851467 -0.0286894 0.504592 0.269856 0.177849 -0.127 -0.270837 0.391174 -0.080841 0.337984 0.0923217 0.188842 0.0318943 0.222465 -0.036697 -0.181394 -0.160754 -0.149717 0.00936093 -0.260273 -0.22432 0.0309865 0.145497 -0.378482 -0.204241 -0.391624 -0.00879562 0.0967979 -0.308325 0.320151 -0.109427 0.0480535 0.865501 -0.365539 0.226857 -0.153852 0.079084 -0.149897 0.240926 0.0286728 0.263844
0.225393 0.0922895 -0.16479 -0.049592 -0.176331 0.144669 -0.00450467 0.116836 -0.0627846 -0.509282 0.0698926 -0.0575452 -0.0682921 -0.216577 0.571826 0.114149 0.0598479 0.199286 0.426612 0.29142 0.31271 -0.0443813 -0.362077 0.0660676 0.299055 -0.360144 0.141854 -0.240186 0.31072 -0.306468 -0.260688 -0.00559134 -0.0936988 0.606984 0.388409 0.324324 8.81075e-005 -0.0689694 0.20836 0.621752 0.469829 -0.351125 -0.0510728 -0.156852 -0.302808 -0.22817 -0.308613 -0.0140621 -0.0821678 -0.207163 -0.149778 -0.502752 0.0740626 -0.166771 -0.188821 0.0019373 -0.487018 -0.0162218 -0.221771 -0.100126 0.035309 -0.320921 -0.422537 -0.106977
-0.310266 -0.449598 0.00462576 0.524867 -0.236565 -0.0358358 -0.352623 -0.160792 -0.018889 0.0710208 0.0193172 -0.622102 -0.0563805 0.364376 0.16576 0.00899729 -0.126943 -0.0936143 0.178962 0.00116904 0.292633 0.185213 -0.343047 -0.213353 0.192437 0.219045 -0.361513 0.295231 -0.0862411 -0.162086 0.126586 -0.0732038 -0.0110716 -0.110899 0.00714451 -0.0783792 -0.185448 -0.215242 -0.197441 -0.00109719 -0.00224385 0.165506 -0.0663408 0.185879 -0.366219 -0.0892089 -0.537496 0.0150338 -0.415636 -0.143089 -0.136265 0.384787 0.241911 0.299993 0.29838 -0.295062 0.0746797 -0.166622 -0.0211995 -0.914833 -0.262603 0.100439 -0.829398 -0.189619
-0.0702843 -0.309828 -0.0856202 0.171816 0.0207837 -0.187684 0.0199017 -0.146467 0.36657 0.286814 0.157966 -0.0192942 -0.0439605 0.459441 0.297722 -0.465246 -0.112612 0.109307 -0.0139267 0.300722 0.693338 0.420382 0.153225 0.102863 -0.115718 -0.0589129 0.103817 -0.527623 -0.296889 0.222402 0.0123091 -0.202612 -0.0089962 0.0174843 0.106378 -0.210727 -0.289074 -0.0874747 0.000564245 -0.0902624 -0.0614175 0.103665 -0.0743797 -0.240799 -0.0889907 0.0649454 -0.2538 -0.0494695 0.00690936 0.0682361 -0.397022 0.358627 0.0920449 0.82957 -0.161769 0.0500365 0.481 -0.0924102 -0.0282627 -0.31451 0.0751493 0.217992 -0.0487907 0.129026
-0.0782103 -0.0664647 0.300447 -0.0633314 0.188186 -0.0783612 -0.0794171 0.0342013 -0.269431 -0.268291 -0.499769 0.0146812 0.268644 -0.0606346 -0.0868799 0.161759 0.0183821 0.296725 -0.0592708 -0.294273 -0.420504 -0.164914 0.225167 -0.627385 -0.0812972 0.138304 -0.134009 0.187982 0.0052152 0.0131837 0.621108 0.378732 0.0670365 -0.0445066 0.118955 -0.0400466 -0.394464 -0.0379773 0.0257977 -0.160751 -0.177904 -0.0783781 -0.467778 -0.013657 -0.0500092 0.100759 0.00276306 -0.396123 0.319289 -0.0232551 -0.0475096 0.12613 -0.151382 -0.0205711 0.112947 0.166913 0.198685 0.0819139 0.0986598 0.295745 0.118462 0.257823 -0.361284 0.0788301
-0.173166 -0.0703424 0.0296947 0.218212 -0.0435008 -0.526801 0.0678819 -0.10338 0.282977 0.571838 -0.403103 0.0648664 -0.0926574 0.302258 -0.210552 0.183708 0.180864 0.186373 -0.0989914 0.195236 -0.0601616 0.235966 -0.206598 0.253758 -0.125273 0.359796 -0.16111 -0.0721471 0.032293 -0.178662 -0.106126 0.272434 -0.354965 0.200031 0.0808443 -0.0577543 0.109186 -5.46317e-005 0.0773984 -0.429791 0.133556 -0.0381015 0.216169 0.237802 -0.0433652 0.022899 0.0263108 -0.749316 -0.596398 0.158549 -0.299967 -0.394566 0.287426 -0.0708558 0.353468 -0.343011 -0.147729 0.155619 -0.33809 -0.0367744 -0.0199753 0.105079 0.617839 0.273093
-0.167289 -0.26236 0.258389 -0.104056 -0.197295 0.0979657 0.522462 0.136681 -0.05416 -0.0888944 0.112834 -0.0294819 -0.0657153 0.298708 0.179665 -0.0528646 0.198052 -0.134716 0.187197 -0.318455 0.0293413 0.32706 0.288173 0.027808 0.0895999 -0.0219534 -0.257302 0.144394 -0.137019 0.619989 0.183206 0.0391746 0.0176566 -0.317963 0.181609 -0.191849 -0.290951 -0.133182 0.239114 0.213082 -0.00771743 -0.0901783 0.160148 -0.146391 0.0504074 -0.000834446 0.00179923 -0.190419 -0.438382 -0.0965002 -0.548455 0.551262 0.170456 -0.0455069 0.246652 -0.184598 0.236213 0.287374 0.0261589 0.33702 -0.00400364 0.151878 0.0752584 0.0605322
0.146019 -0.0707405 -0.123677 -0.506295 -0.0368836 -0.11917 0.0424938 -0.0504344 0.179371 0.344226 0.141772 0.0395904 -0.571128 0.342255 -0.796232 0.227512 -0.145719 0.112834 0.0947029 -0.00234912 0.294528 0.0679033 -0.0829903 0.0272405 -0.0856979 -0.47049 0.00688433 0.118546 0.203977 0.437581 0.0425582 0.274221 0.186338 -0.26985 -0.0241457 -0.489473 0.0358075 0.0728263 -0.143504 0.589875 -0.165671 0.243089 0.0735297 -0.107663 -0.382066 -0.690814 -0.118075 -0.0182547 0.198506 -0.0644619 0.0911673 0.451229 0.144367 0.183785 0.0747491 0.330388 0.451409 -0.0472652 0.228868 -0.221245 0.0870348 -0.367277 -0.0460536 -0.0292045
0.313248 0.0652327 -0.0673148 -0.0367093 -0.210772 -0.192466 0.0129422 0.255984 0.0241411 -0.0697338 0.543991 -0.0745736 -0.249016 0.0449348 0.161372 -0.53432 -0.202334 0.241191 -0.0889985 0.0286265 0.285554 0.0292467 0.0620628 0.315555 0.26539 -0.476701 0.221847 -0.18048 0.00162108 -0.365109 -0.06469 -0.345422 0.175882 -0.0525734 0.128833 0.0541396 -0.282957 -0.770661 -0.0611257 0.0789257 0.322227 -0.273222 0.314384 0.281936 0.0463323 -0.160146 0.17554 -0.33356 -0.446313 -0.132572 -0.291314 -0.211568 -0.148982 -0.0118909 0.39521 0.123061 0.575946 0.161495 0.167129 -0.267243 -0.0816263 -0.360748 0.26271 -0.315244
-0.174064 0.326241 -0.231654 -0.0889434 0.199365 -0.145904 -0.0742432 0.19472 -0.147262 -0.10048 -0.628308 -0.234715 -0.485997 0.130647 -0.334907 0.496642 0.0875866 -0.612193 0.0723641 -0.210592 0.0705551 -0.348709 0.77238 -0.475625 -0.512271 -0.79527 0.196758 -0.220628 0.0140916 0.135235 0.546288 -0.174834 0.519433 -0.164797 -0.111688 -0.221433 0.0199644 -0.130442 -0.116677 -0.73793 -0.202969 -0.354048 -0.238746 -0.210555 0.0807093 -0.27377 0.151453 0.242777 0.324541 -0.213541 0.0802494 -0.215585 -0.039633 -0.150995 0.21289 0.324917 0.118987 -0.00936318 -0.0494165 0.523721 -0.0986064 -0.0699896 0.266875 -0.061499
0.0330952 0.0109669 -0.0944866 -0.0889163 0.210022 0.0358726 0.00298232 -0.147245 -0.0743884 -0.0282475 0.32517 0.385418 -0.0385333 0.280376 0.141465 0.376885 0.302482 0.184493 -0.724605 -0.0715138 -0.247598 -0.0993125 -0.466755 -0.0404868 0.101539 -0.189372 0.0280539 -0.0444344 0.0378005 0.192472 -0.218075 -0.00414029 0.263342 0.394685 0.0924373 0.189326 0.171556 -0.243411 -0.0172438 -0.132654 -0.185291 -0.82703 -0.20183 -0.15518 0.0294012 0.0977616 0.23197 -0.143696 -0.321674 -0.237153 0.310976 -0.14724 -0.119899 -0.437776 0.0731889 -0.158181 -0.227606 0.22207 -0.343967 -0.246684 -0.0792041 -0.254855 0.123442 0.121929
-0.133476 -0.051034 0.17181 0.106623 0.309855 -0.0743803 -0.206719 0.0741121 -0.1123 -0.029774 0.00073519 0.233707 0.0882608 -0.0782186 -0.130951 0.272625 0.0330147 0.240734 -0.0479904 0.121897 0.156453 -0.376456 0.446048 -0.526377 -0.00590139 -0.160762 0.197075 -0.205909 -0.0205633 -0.00732145 -0.12551 -0.101112 0.144658 -0.0686391 -0.0542145 0.157075 -0.182825 -0.43736 -0.0177935 0.112388 0.19643 0.12657 -0.0523518 -0.0715716 -0.176992 -0.106548 0.273825 -0.339826 0.193191 0.0399767 -0.0370612 -0.296929 -0.0486875 0.172256 0.31918 0.30938 0.232748 -0.277561 -0.0361119 0.585055 -0.0603534 -0.123853 0.021189 -0.293322
-0.467648 0.189721 -0.0146904 0.0358147 0.119156 -0.539276 0.201173 0.165454 0.216692 -0.0508418 -0.188701 0.270048 0.192519 0.078408 0.0768822 0.0456888 -0.049135 0.0785367 0.0804206 0.0366204 0.401791 -0.0359651 0.118547 -0.402307 -0.147949 0.216294 0.349208 -0.0755549 0.100518 -0.202923 0.624881 0.102289 -0.191324 0.224503 -0.138319 0.189776 0.221647 -0.157305 0.25002 0.525536 0.0196266 -0.610342 -0.261135 -0.0699405 -0.0409904 0.172791 0.00132926 -0.0461547 -0.224456 -0.0963234 -0.287751 0.0797395 -0.175148 -0.0373335 -0.101264 -0.222542 -0.36485 0.0996193 -0.135436 0.0370265 -0.108285 0.222175 0.230291 -0.197139
0.22388 0.213515 -0.103125 0.880577 0.122266 0.245922 -0.202495 -0.072598 -0.0244349 -0.498736 -0.0253323 0.18889 0.196273 0.285812 0.136045 0.300197 -0.24683 -0.516495 0.0845712 0.0418846 -0.290415 -0.00208782 -0.024068 -0.0870338 0.312062 0.287297 0.223031 0.0115674 0.180763 -0.106392 -0.0369856 -0.415134 0.196514 0.191374 0.028299 0.276221 0.101164 0.383656 -0.172896 -0.0533994 0.0751155 0.0219981 -0.0910462 -0.211819 0.158263 0.07691 -0.290579 0.0975817 0.182773 -0.0438051 -0.315414 -0.213697 -0.187247 -0.704512 -0.000953167 0.454604 -0.134169 -0.352584 0.535393 0.002525 0.0720374 0.605216 -0.0824844 0.229358
-0.0113684 0.0137253 0.0879737 -0.170977 0.139482 -0.149807 0.103164 -0.187027 -0.180325 0.328091 -0.10925 0.13955 -0.335518 0.293624 -0.118442 -0.316452 -0.133124 0.183862 -0.398183 -0.297452 0.152712 0.228042 0.0416508 -0.103338 -0.0794193 -0.270274 0.244269 -0.460186 -0.236817 0.339345 -0.195442 0.300285 0.40637 -0.320207 0.163004 -0.256 -0.0229599 0.22089 0.0965774 -0.403597 -0.157287 0.167384 0.100029 -0.0877398 -0.0808665 0.347255 0.125706 0.29028 0.329596 0.284832 0.208854 -0.260216 -0.254427 0.116915 -0.0862565 -0.0617772 -0.0787925 0.157249 -0.190871 0.387016 0.101526 -0.347309 0.122728 -0.0260626
-0.137428 0.0633728 0.174981 0.299888 0.253105 -0.181068 0.35492 0.14061 -0.062459 -0.189164 -0.154681 -0.567252 -0.376674 -0.2208 0.224037 0.312341 0.287377 -0.121286 -0.0659423 0.174969 0.344507 -0.102738 0.15424 -0.124191 -0.15508 -0.310605 0.504359 -0.0261504 -0.366992 -0.225034 -0.350361 0.111136 0.64857 -0.143971 0.34884 0.177382 -0.0549174 -0.393228 -0.172448 0.0475744 -0.262354 0.0988936 -0.241617 -0.255968 -0.119502 -0.398607 -0.00651215 -0.0257231 -0.263259 -0.152778 -0.229108 0.150982 -0.120256 0.412377 -0.150639 0.0987715 -0.28188 -0.202279 -0.211597 0.148938 -0.165763 -0.535273 -0.274941 -0.14564
0.287069 0.139573 -0.0699046 0.268289 0.0406364 0.0812711 -0.158208 -0.113551 -0.518051 -0.235508 -0.0548375 -0.45655 -0.413387 -0.0534391 0.157194 0.125643 0.0706467 0.426684 0.467698 0.187459 -0.518715 -0.189771 -0.181455 0.158482 -0.0471668 0.111519 0.0825161 0.205726 -0.147888 0.388425 0.0313873 -0.350269 0.344008 -0.0165817 0.322672 0.384478 0.00335669 0.164077 -0.294415 0.0224832 0.186573 -0.41174 -0.150372 0.329343 -0.0623714 -0.572643 -0.190016 -0.0352874 -0.18424 0.0618874 -0.343001 -0.0270013 -0.156369 -0.195446 0.0702942 0.115531 0.13479 0.156074 -0.0167138 -0.0612109 -0.11896 -0.0496798 -0.239225 -0.125135
-0.143677 0.345321 -0.220813 -0.00965366 -0.606508 -0.143326 -0.179293 0.208481 -0.0203536 0.0827616 0.126876 -0.0782531 -0.538268 -0.0552937 -0.0170061 -0.283908 0.0288471 0.331138 -0.298325 0.410285 0.299631 0.284879 -0.0745939 0.097344 0.055686 0.208028 -0.0245161 -0.0176651 -0.108439 -0.247539 -0.451269 0.00417279 0.138771 0.176354 0.00795164 0.067237 -0.125358 0.0322229 -0.0264323 0.0162917 -0.271281 0.326426 -0.287434 -0.0819033 -0.262892 -0.163766 -0.565556 -0.0534635 -0.53739 -0.105979 0.260686 -0.103855 -0.0108083 0.178639 0.145143 0.276055 -0.12812 0.0541503 0.0162874 -0.382299 0.116849 -0.392542 -0.0137049 0.0295154
0.236344 -0.125064 -0.14817 -0.180469 0.13988 -0.0450827 0.031804 0.412025 0.213986 0.190519 -0.498812 0.00906284 -0.230188 0.44906 -0.125321 0.132578 0.221612 0.176324 -0.0176658 -0.315048 0.422637 -0.130604 0.165032 0.0372931 -0.12515 -0.0848619 0.246815 -0.0877794 -0.0360108 0.0757136 0.0081839 -0.6234 0.0167221 -0.000966172 0.152978 0.396059 0.0937236 -0.387444 -0.339723 0.567628 -0.34085 -0.396481 -0.0163352 -0.226665 0.105665 -0.683258 -0.0401071 0.578143 0.0340635 -0.139961 -0.0122061 0.198755 0.0596416 0.226278 -0.022383 -0.0974818 -0.00982432 0.0890466 -0.212779 -0.215466 -0.0633944 -0.457707 -0.0615268 -0.205728
-0.040057 0.149876 -0.217113 -0.346254 -0.147447 -0.0652577 -0.0139874 0.108621 0.43228 -0.262612 0.0301479 0.625865 -0.236515 0.0502007 0.292125 -0.0814622 0.18846 0.207047 0.0975225 0.362433 0.328391 -0.157783 0.299527 -0.146449 -0.233789 0.236213 -0.108696 -0.0346817 -0.0199822 -0.772004 0.0706973 -0.408747 -0.397165 0.437456 -0.14966 0.156173 0.263484 0.12814 -0.028874 0.383514 -0.0833034 -0.202093 0.154229 -0.0129634 -0.110211 -0.077005 0.0753851 -0.401398 -0.102247 -0.159382 0.0712705 0.077379 -0.0643449 -0.345532 -0.118644 -0.205076 -0.629466 -0.292853 0.165863 -0.171639 0.0709979 0.0954031 0.0243867 -0.234267
0.105946 -0.0519643 0.249696 -0.359803 0.00714689 -0.625885 0.293338 -0.06049 0.235966 0.214278 0.362818 -0.0117647 -0.0873473 0.18838 -0.0159548 -0.027025 -0.184728 0.0939717 0.0603148 0.28483 -0.171986 0.433677 -0.470606 0.170319 0.238923 0.3746 -0.514627 0.0198026 -0.013568 0.430502 -0.185195 0.213092 -0.403219 -0.308947 -0.0798263 -0.355113 -0.0902116 0.38715 -0.079693 0.250434 -0.0530711 -0.403479 0.267249 -0.129051 -0.116084 0.0425196 0.288372 -0.269137 -0.324396 0.0353971 -0.0753803 -0.362649 -0.0423837 -0.370028 0.254948 -0.0158069 0.144444 -0.0241585 -0.0965068 0.0677582 0.0544722 -0.255528 -0.49634 -0.0780211
0.219321 0.0965544 0.0388579 -0.014444 -0.236415 0.10494 0.319443 0.0814789 0.383698 -0.0854376 -0.0822501 -0.487754 -0.0882433 0.226887 -0.189394 -0.130153 -0.14782 0.229484 0.126771 0.27626 0.371566 0.0434435 -0.0505706 0.23258 0.199017 0.13136 -0.177845 0.126546 -0.14765 -0.0567923 -0.00560557 -0.0624541 0.0824283 -0.834469 0.0377343 -0.426365 -0.254521 -0.48046 -0.194451 0.110357 0.353999 0.008674 0.154883 -0.0996045 -0.0639968 0.028871 0.0457852 0.292382 -0.0419121 -0.0498202 0.29429 -0.319233 0.0721029 -0.214611 0.262985 0.195166 0.535537 -0.105396 0.360484 -0.144771 -0.0225738 0.501572 -0.0169157 -0.357461
0.201991 -0.183144 -0.144962 0.173996 0.0874214 -0.370815 0.113841 -0.0372848 -0.0843706 0.122484 0.430127 -0.0748917 0.134666 -0.401 -0.315105 -0.0285033 0.526193 -0.132182 0.0116852 0.0743864 -0.144848 -0.224352 -0.434042 0.0703117 -0.249959 -0.174617 -0.487611 0.00143579 -0.251465 -0.400955 -0.301621 -0.209069 0.0434169 -0.147073 0.0157214 -0.253078 0.245349 -0.182411 0.00873499 -0.106758 -0.768928 0.543142 0.00222923 0.0368201 0.100438 -0.0372082 -0.364815 0.0941404 -0.0735319 -0.0884991 0.453653 0.300077 -0.0205345 0.476174 -0.509183 0.0409332 0.0324877 0.0882502 0.319553 -0.0890969 -0.158261 -0.472673 -0.308571 -0.0830915
-0.0849243 -0.0667351 -0.433793 0.115611 -0.514116 -0.0505217 -0.211178 -0.287785 -0.287927 -0.119541 0.00333904 0.164091 0.0248955 -0.075474 0.203121 -0.311276 -0.0158471 0.189322 0.155448 -0.710334 -0.655755 -0.107667 0.00325569 -0.316513 -0.554384 0.0498182 0.136144 0.22233 -0.055844 0.109193 0.529637 0.354625 -0.144447 -0.0111186 -0.0313812 -0.128958 -0.176094 -0.0400011 -0.0993652 0.495547 0.524111 -0.0810065 -0.333872 -0.0958096 -0.0147925 0.542087 -0.0404756 0.0699066 0.153832 0.143376 -0.267081 0.577333 0.0597668 0.254857 -0.033555 0.129619 -0.103517 -0.133125 -0.416717 0.0936445 -0.0632708 -0.228989 0.183112 -0.138858
0.681743 0.168988 0.0265539 0.23583 -0.131121 0.317523 0.0148524 -0.0864013 0.108323 0.0486676 -0.363772 -0.189823 -0.367725 0.26723 -0.0222818 -0.292498 0.564677 -0.0371533 0.118573 -0.276841 0.189588 -0.22718 0.460232 -0.00474719 0.132291 -0.253074 0.318525 -0.574045 0.0896524 -0.221589 0.150331 0.15965 0.231229 -0.170485 0.187035 0.203485 0.247527 0.05534 0.140944 0.452799 0.0818047 0.0251338 0.0763816 -0.303927 0.232053 -0.184242 -0.435746 0.139007 0.2969 -0.0866685 -0.263226 -0.134694 -0.00551139 0.0521408 -0.495305 -0.240201 0.196484 -0.0800957 -0.146724 -0.0161442 0.0207348 0.581007 -0.189798 0.076696
0.0259464 0.151038 -0.0238649 -0.0596532 -0.106709 -0.276225 0.115824 -0.106798 0.0284705 -0.358671 -0.582523 0.264938 -0.0173422 0.442408 -0.0668651 -0.734349 0.47776 -0.191454 0.286269 -0.300616 0.255481 -0.0765774 0.0303571 -0.243245 -0.285667 -0.137449 -0.143024 0.493941 -0.0894286 0.281605 0.086549 -0.236746 -0.271425 -0.0368595 0.170781 0.0277354 -0.213915 -0.176071 0.00157918 0.497806 0.478382 0.0338812 -0.131503 -0.26274 0.270811 -0.235288 0.0551622 0.0367648 -0.18427 -0.0509336 -0.322218 0.197271 0.0480573 -0.227339 -0.255352 -0.0147655 0.102099 -0.179163 -0.0590462 0.114612 -0.0539707 0.100503 -0.608449 -0.0887297
0.0510927 0.278802 0.121873 -0.326937 0.593942 -0.276385 -0.0354342 0.156454 0.0137809 0.0587471 -0.0273913 -0.0806556 0.01188 0.0459401 -0.000391303 0.158116 -0.0654755 0.0473606 -0.12755 -0.130125 -0.273674 0.122652 0.123114 -0.380054 0.022441 0.271359 0.388706 -0.0373223 0.03407 0.50498 0.160124 -0.00743306 -0.143457 -0.0867606 0.0504426 0.277468 0.319868 0.337702 -0.0142127 -0.30594 0.136459 0.13466 0.0164978 -0.089455 0.0107115 0.13918 0.278721 0.350107 0.545589 -0.215652 -0.236435 0.0172575 0.00249839 -0.0448627 0.101382 -0.269583 -0.172714 -0.346301 0.13915 0.323461 -0.184708 -0.0634668 0.0507108 0.0307594
-0.235734 0.0427565 -0.0210616 -0.491117 0.304063 0.0239227 0.28595 -0.0362218 0.146758 -0.222304 -0.297499 -0.160424 -0.0114563 0.417541 -0.0984015 0.0121797 0.368572 -0.0674557 0.1508 0.510076 0.118382 0.443955 0.220101 -0.272788 0.394408 -0.225852 0.29624 -0.135715 0.262912 0.0881708 -0.132028 -0.119495 -0.216608 -0.198767 0.0911343 -0.302198 -0.268617 0.10582 -0.274226 0.31204 -0.0293258 0.367456 -0.368174 0.221696 -0.0560924 -0.342016 0.0985765 -0.0861894 0.0617655 -0.0766819 -0.369922 0.247998 0.0453037 0.334222 0.146321 -0.398775 0.301889 -0.310424 0.126721 0.190195 -0.139094 -0.0730108 -0.11017 0.0655742
-0.199274 0.256758 -0.0827571 -0.297448 0.0493709 -0.404054 0.0514568 -0.17903 0.00199162 -0.17194 0.175821 0.376013 -0.101214 0.696845 0.26479 -0.102097 0.244464 0.435653 0.672873 0.0359694 0.424717 -0.312301 0.492309 0.350449 0.360291 -0.248868 0.0281702 -0.188682 -0.209405 0.228604 -0.0583651 0.00760178 0.190304 -0.0643809 -0.2533 -0.244636 -0.452903 0.28945 0.289594 0.368997 0.129982 -0.482941 -0.386623 -0.043535 0.144851 -0.0616967 -0.129342 0.0198766 -0.189462 0.199606 0.34723 -0.0828068 -0.0827465 -0.413289 0.215128 -0.0319849 -0.239273 0.0636641 -0.213846 -0.0587512 0.0939873 -0.290474 -0.431974 -0.000532855
0.298371 -0.325005 -0.132384 0.342455 -0.279441 0.14941 -0.0950643 0.0475775 0.290056 -0.325493 0.367023 -0.114813 -0.235589 -0.0365583 0.360909 0.165806 -0.29543 0.445577 0.206243 0.183488 0.343976 -0.10718 -0.549047 0.24577 -0.312278 -0.169227 0.226238 0.0857718 0.13798 0.247533 -0.525878 -0.275634 0.18514 0.397421 0.22884 -0.0766302 -0.310416 -0.0427483 -0.0167783 0.228919 -0.0781422 0.0467619 -0.319343 -0.355651 -0.284133 0.185721 -0.0185691 0.103993 0.0674182 -0.0658061 0.210498 0.0639221 0.0797282 -0.0713317 0.168797 0.15213 -0.315312 0.0325938 -0.0236531 -0.702751 -0.0124924 -0.101501 -0.370337 0.127458
-0.247349 -0.0218021 -0.121169 0.253796 -0.0265006 0.0128516 -0.21601 -0.0326935 -0.00780229 -0.239444 -0.476791 -0.214129 0.172552 0.264768 -0.238011 0.194088 0.292175 -0.0290324 -0.0250875 0.0624178 -0.443654 0.161072 0.11458 -0.394712 -0.0147855 0.105158 -0.182596 0.153696 -0.131093 0.296163 0.490887 -0.303769 -0.140202 -0.304888 0.0858993 -0.216297 -0.212101 0.165641 -0.025893 0.0182796 -0.0116073 0.0218238 -0.271429 0.269666 -0.0897062 0.240212 0.165526 -0.523483 -0.296528 -0.0879067 -0.104719 0.190781 0.00413814 -0.248338 0.23895 -0.317066 0.0257082 0.238512 -0.10002 0.0184286 -0.0245584 0.332268 -0.0477837 -0.392302
0.225111 0.00413706 0.0552166 0.209383 0.0432487 0.153842 -0.130012 -0.111057 -0.132627 0.489007 0.242008 0.0926709 -0.407917 0.0664716 -0.0807289 -0.309351 0.0414244 0.349282 0.217896 -0.0550643 0.272093 -0.323764 -0.140856 0.568179 -0.0689733 0.046256 -0.0765549 0.285863 -0.0238161 -0.165734 0.0932278 -0.165379 0.383862 -0.266513 -0.151034 -0.05333 0.0779037 -0.249356 0.513752 0.104229 0.0908674 -0.148565 0.00694613 0.0729951 -0.0902763 0.0697934 -0.210509 0.0364304 -0.0132728 0.0162841 0.465637 -0.437399 0.0569675 0.0151631 0.391729 0.439011 -0.188349 0.134155 -0.03359 -0.584428 0.0521745 0.288119 -0.131209 -0.0590313
-0.248693 0.420247 0.0592716 0.00691151 -0.453704 0.0570712 0.301201 -0.0962621 -0.0712146 0.021484 0.0425947 -0.194388 -0.0633603 -0.796152 0.115304 -0.304051 0.77314 -0.2777 0.285769 -0.242446 0.347107 0.152405 -0.195891 0.122017 0.0163249 -0.249457 -0.373939 0.0406576 -0.0316123 0.177732 0.155571 -0.451562 -0.00833265 -0.897099 0.386505 -0.521967 0.164 0.48714 0.0320304 -0.287373 -0.374464 1.12204 0.524341 0.168811 0.0887093 0.167016 -0.678207 0.0800467 -0.130442 -0.0413685 -0.0928159 0.189428 0.230097 0.194444 -0.51142 0.0771976 0.400424 0.238397 -0.253631 0.307503 0.0539885 0.0109052 -0.0764596 0.0545223
0.111232 -0.252225 0.0220037 0.195008 0.522934 -0.0171375 0.3177 0.297637 -0.47062 0.257034 -0.441072 0.0802773 0.0934359 0.0360253 0.256033 -0.361631 0.679338 -0.185532 -0.377113 -0.173563 -0.00181783 0.374673 0.332374 0.0811943 0.0565297 -0.635737 0.390617 -0.639465 -0.178839 0.214068 0.220032 0.0425941 0.000878553 -0.112817 0.0187922 0.173255 -0.013315 0.165358 0.213694 0.021254 0.193573 0.0094855 0.319076 -0.129458 0.140138 0.148528 0.155793 0.283186 0.427765 0.0611965 -0.192637 0.0236549 -0.0616425 -0.0146905 -0.272788 -0.628339 -0.183298 0.0952296 -0.00162871 0.287331 0.0582194 0.0718687 -0.166176 0.0166113
0.306009 -0.364746 -0.194323 -0.410972 -0.15666 -0.126903 -0.0614673 -0.122101 0.158706 0.488871 0.102614 -0.0601857 -0.388867 -0.0888117 -0.35224 0.706545 -0.132599 0.132339 0.0880597 0.0378902 0.411458 0.00677422 0.119428 0.139186 -0.0534691 -0.536591 0.117521 0.364923 -0.0858149 0.204208 0.0519 0.134273 0.0306302 -0.105418 -0.032455 -0.309736 0.0215394 -0.16638 -0.285018 0.182342 -0.602791 0.163428 0.0958484 -0.31074 -0.131902 -0.804126 -0.35639 -0.00518522 0.0864055 -0.0258257 0.112528 -0.00497914 -0.248241 0.157194 0.556488 0.121905 0.553226 -0.00433534 0.222231 -0.680391 0.0582261 -0.249571 0.383643 0.172681
0.0511286 -0.176338 0.0548648 -0.210217 0.0512769 0.286383 -0.0859841 0.250835 0.20222 0.0564459 -0.0256299 0.188319 0.153044 0.235769 -0.0189402 0.496789 -0.224433 -0.722493 0.0597866 -0.132449 0.133798 -0.0759394 0.198432 0.653231 0.0073549 0.167435 0.0409887 0.0147913 0.273339 -0.249424 0.163788 -0.202621 -0.364864 0.415366 0.213705 0.0522542 0.115361 -0.119526 0.0157914 0.182527 -0.303339 -0.65979 0.628326 0.146222 0.0642541 -0.119827 0.0202786 -0.389803 0.402099 0.018516 -0.22455 -0.39299 -0.0821569 -0.160977 0.0202237 0.202219 -0.280484 -0.0502239 -0.0217732 0.358902 -0.122179 0.131037 0.6 -0.107237
0.131881 -0.0631663 -0.262002 -0.582996 -0.124289 0.304718 -0.191344 0.193402 -0.10445 0.396402 0.0761424 -0.0702237 0.242683 0.164968 0.202761 -0.032166 0.0433313 -0.00126272 0.128397 0.118705 0.446872 -0.667434 -0.165773 0.00731946 0.071922 0.32951 0.105986 0.364617 -0.0818499 -0.740516 -0.0401885 0.21883 0.115132 -0.149267 -0.0600665 0.483556 0.0589028 0.0213422 0.0326051 0.186921 -0.17298 -0.159556 -0.144725 0.106433 -0.0417866 -0.183353 -0.607066 -0.123081 -0.221151 -0.109164 0.18115 -0.207954 0.0249817 0.427884 0.483175 0.433365 -0.283996 0.0972018 -0.168231 -0.452759 -0.0569447 0.252362 -0.0999662 0.231857
0.320024 0.0682284 -0.0523719 0.260582 -0.00592615 0.411681 0.0397835 0.120905 -0.108142 -0.240386 -0.00890286 -0.0442868 0.32817 0.135444 -0.190667 0.0540115 -0.0779889 -0.132365 -0.0416562 -0.403484 -0.553497 0.151483 0.376176 -0.085066 0.0739181 0.66184 -0.0297649 0.237174 -0.0875447 -0.495719 -0.182357 0.129202 0.266169 0.189061 -0.317186 -0.0597746 0.0356661 0.156891 -0.191619 0.0420258 -0.0837734 -0.0694706 0.262359 -0.53132 -0.0379278 0.176814 -0.0761513 0.554636 0.0435253 -0.0720247 -0.264906 -0.356568 0.146501 -0.0800268 0.084458 0.287301 -0.202935 0.146971 -0.348175 0.259753 -0.0302252 0.322666 -0.197814 0.508454
-0.0290079 0.324197 0.207012 -0.257689 -0.0293372 0.0790884 0.0410393 0.0914258 -0.148876 0.451392 0.163801 0.112716 0.0773426 -0.18725 -0.48668 0.0615089 -0.11517 -0.0859988 -0.42723 0.0529998 -0.21436 0.101856 0.279606 -0.0629466 0.240989 -0.595461 -0.173091 -0.0928205 0.0568432 -0.0548116 -0.243989 0.0475671 -0.230867 -0.118239 0.0322704 0.197025 0.845454 -0.513922 -0.158248 -0.0161443 -0.191042 0.153431 0.500759 -0.146907 0.19084 -0.744693 -0.130091 -0.128655 0.332919 0.171948 0.136491 0.42344 -0.0851632 -0.414663 -0.000622804 0.0904511 0.889861 0.208099 -0.189345 -0.0184151 -0.204993 -0.0140956 0.0495474 0.0737184
-0.285768 -0.240796 0.0641893 0.261506 -0.0404012 0.369756 -0.125309 -0.368753 0.189603 0.276841 0.372146 -0.347858 -0.0156612 0.0797984 -0.157485 -0.0130514 -0.133811 -0.839664 -0.0160726 -0.0563281 0.0528764 0.0379938 -0.102367 -0.0237133 0.0913086 -0.0327699 0.158781 0.0265891 -0.240942 -0.0174599 0.78342 0.0225476 -0.505096 -0.0765312 0.188582 0.271304 0.164096 0.121217 -0.0252185 0.612287 0.696757 0.0127675 -0.110492 -0.354451 0.312165 -0.0010803 -0.141606 0.600826 0.149465 -0.0874521 0.125207 -0.0198794 -0.113158 0.197591 0.0465764 -0.085599 0.170446 -0.0945411 0.0320723 0.12614 0.0253802 0.357694 -0.164064 -0.171084
0.14919 0.0782413 0.106613 -0.161793 -0.330951 0.232499 -0.071294 0.123245 0.0699409 -0.585678 0.134451 -0.2377 0.387202 -0.243026 0.461782 -0.0278668 0.266978 0.291145 0.0411858 0.187372 0.0184505 -0.0415333 0.0457784 0.183785 0.321773 0.40381 -0.339595 -0.00924294 -0.00533746 -0.0529921 -0.2415 -0.356523 0.0310159 0.313119 -0.161169 0.243083 0.215545 -0.123753 0.0279893 -0.190386 0.2644 -0.15214 0.0478232 -0.283884 -0.0420641 0.36501 0.214769 -0.0854282 -0.0380437 -0.132976 0.0213302 -0.0206748 0.079664 -0.345331 -0.282308 -0.0827018 -0.148667 -0.199623 -0.161554 0.429395 0.172157 -0.411981 -0.0756541 -0.0521436
-0.171127 -0.0429678 -0.210303 0.123146 0.023893 0.0916165 0.314255 -0.0977124 0.0050852 0.258582 0.510744 0.000390655 -0.307554 -0.195711 0.176786 -0.760452 0.271054 -0.0262285 0.152426 0.0637515 0.417346 0.116588 -0.242776 0.238649 -0.0289554 0.194133 0.0554428 -0.144268 -0.0267924 0.296136 -0.424484 -0.143444 0.0897178 -0.276651 0.216069 -0.146947 -0.0908407 0.194457 0.103714 0.199429 0.323242 0.320405 0.10702 -0.173918 -0.0358471 0.014722 -0.203608 0.135655 -0.172575 0.128384 0.191234 0.723476 -0.11959 0.142333 -0.185587 -0.278053 -0.286495 0.294012 -0.285468 -0.127936 0.282105 -0.0897291 -0.0503121 0.137237
0.0342219 0.257385 0.0178896 0.220881 -0.102856 0.102081 -0.041505 0.457604 -0.00717023 0.0595145 -0.183501 0.413856 0.122191 -0.226589 0.226744 -0.176111 0.0907028 -0.0731467 0.171769 -0.067707 0.175727 -0.0713658 -0.086234 -0.01451 -0.0284277 -0.273995 0.190984 -0.228366 0.117744 -0.636141 -0.0199671 -0.658928 -0.125826 -0.276635 -0.380722 0.262164 0.171595 -0.342507 -0.251618 0.261034 0.118234 0.119346 0.518097 -0.0669636 -0.0264557 -0.0661246 0.218642 -0.487355 -0.0227119 -0.0908768 -0.198823 0.0226245 -0.225813 0.383079 0.0345805 -0.659346 0.160195 0.239712 0.0770146 -0.222057 -0.0683352 0.402342 0.264764 -0.202483
-0.269734 -0.173871 -0.357946 0.0859988 0.660481 -0.039399 -0.285064 0.0148924 -0.0181802 0.295506 -0.0157125 -0.0347895 0.210377 -0.213141 -0.405256 -0.0933827 0.24959 -0.0684866 -0.0192179 0.0611758 0.225251 -0.182507 0.0141938 -0.0744846 0.236484 0.0848915 0.250477 0.424633 -0.0358467 -0.192695 0.120599 0.350348 -0.178333 -0.20286 -0.122737 -0.007313 0.041117 -0.274456 -0.0387087 -0.166427 -0.594595 -0.0636753 0.167509 0.299029 -0.0700872 -0.105082 -0.623502 0.093356 -0.0954039 -0.174047 0.333757 0.295307 0.220079 -0.10031 0.111598 0.308954 0.105248 0.117511 -0.0899271 -0.630347 -0.014832 -0.136349 -0.160125 0.0705514
-0.660352 0.191152 0.081458 0.0187888 -0.297582 -0.170105 -0.367974 -0.0864421 -0.0998013 -0.13838 -0.0550012 0.157683 -0.192215 0.366727 -0.257788 -0.11159 -0.386025 -0.344443 -0.196085 0.225014 -0.169981 0.355954 -0.063559 0.12539 -0.137007 0.269937 -0.0145967 -0.14097 0.0742669 0.210304 0.325851 0.231828 0.39083 -0.225965 -0.490106 0.0757275 0.0204381 0.174327 -0.155798 -0.443607 0.074819 0.108852 0.479537 0.270794 -0.156428 0.373915 -0.181285 0.232893 -0.500441 0.119703 -0.348433 0.0841286 -0.0631422 -0.163005 0.0895049 -0.701342 0.321609 -0.0629796 -0.0273421 0.103824 0.0299089 -0.472976 0.500678 -0.0543383
-0.0461347 -0.195612 -0.0880709 0.880958 -0.154011 0.158468 0.307134 -0.08791 -0.43094 0.0786062 0.22955 -0.332876 -0.0269344 0.0150552 0.148967 0.185309 -0.167593 -0.00839212 0.0882905 0.00120856 -0.389245 -0.223076 0.0317828 0.169204 -0.384596 0.231052 0.469325 0.232052 0.0688714 -0.233129 0.32004 0.100637 0.509687 0.214254 -0.197157 0.48773 0.200263 0.0854834 -0.0572885 -0.617328 0.348496 -0.513818 0.306113 -0.0358708 -0.131932 0.0920114 -0.0632229 -0.248403 0.156138 0.193831 0.258649 -0.821019 -0.0651391 -0.61765 0.0792661 0.42417 0.262337 0.100598 -0.270296 -0.112729 -0.13539 0.0445525 0.144747 -0.0334824
-0.204329 -0.0638539 0.087327 -0.167799 0.0330672 -0.0173096 0.498724 -0.0469494 -0.170116 0.165866 -0.219843 -0.0116894 -0.081072 -0.285412 -0.330987 -0.290229 -0.0150363 -0.552557 -0.0222778 0.296371 0.150259 0.22718 0.235022 -0.0735843 0.0418355 -0.518658 -0.140706 -0.0354989 -0.0926599 0.195538 0.177574 0.361148 -0.198501 -0.601694 -0.244374 -0.096684 0.242879 0.0334097 0.3469 -0.256079 -0.238341 0.40487 0.143062 0.052621 0.223411 0.0593625 -0.355639 -0.0931883 -0.245123 0.0380041 -0.342134 -0.147294 -0.183177 0.164981 0.0398324 -0.142076 0.535752 0.336902 0.150207 -0.0280906 -0.0161529 0.163085 -0.0908995 0.277466
0.119059 -0.106159 -0.0419292 -0.222801 -0.0780528 -0.015126 0.23533 0.122447 0.023492 -0.131976 -0.268041 -0.347509 0.00116398 0.0406856 -0.00835898 -0.0807221 0.208413 -0.121078 0.0143549 -0.0403916 -0.0636821 0.447368 -0.179881 -0.0271791 -0.0449458 0.239609 -0.298483 -0.174435 -0.125178 0.549665 0.0980243 0.391966 0.216934 -0.273003 -0.211253 -0.202756 -0.339719 0.705999 0.0132435 0.0258583 -0.174106 -0.42085 -0.119217 0.137685 -0.0303147 0.174216 -0.0623815 0.0818757 -0.403011 0.432975 0.0427582 -0.0846998 0.0314274 0.120684 0.303883 0.300578 0.103893 0.0590148 -0.0420729 0.204895 -0.0166088 0.331184 0.0302412 0.357659
0.194065 -0.0858923 -0.147587 0.395473 0.0442258 -0.198989 -0.107477 0.0117756 0.133092 0.277525 -0.309285 -0.106081 0.0239521 -0.0418185 0.0112771 -0.534983 -0.126665 -0.575585 -0.0876902 0.206557 0.346328 0.463653 0.0760315 -0.167391 -0.0845369 0.198297 -0.404224 -0.447896 -0.0715835 -0.0510789 0.0504949 0.345928 -0.0396327 -0.317148 0.0583426 -0.200797 0.246703 0.522019 0.0201901 -0.365587 -0.00664186 0.0748782 0.405964 0.168357 -0.13595 0.0650042 -0.0582381 0.16818 -0.0180607 0.0338953 -0.00564292 0.460457 -0.00578598 0.211229 -0.0155505 -0.00158806 -0.068823 -0.0163877 -0.208971 0.140408 -0.1541 -0.103983 -0.167605 -0.115134
-0.133823 0.0082126 -0.232062 0.138261 -0.0253551 -0.236051 0.120651 -0.165975 -0.177703 0.0729053 -0.157216 -0.239669 -0.425255 -0.0129636 -0.413849 0.450457 -0.239727 0.385172 0.146957 0.268421 0.107901 -0.0070497 -0.144357 0.125718 0.0485094 -0.457525 0.2551 0.21502 -0.0433892 0.17766 -0.227539 0.0231321 -0.238044 -0.303714 -0.0818535 -0.668129 -0.129734 -0.452267 -0.0818872 0.163584 0.170532 0.591209 -0.272278 0.292768 -0.354211 -0.419364 0.0942604 0.232596 0.141622 0.0315932 0.158094 -0.0631958 -0.300279 0.665535 0.949889 0.366181 0.365581 -0.0986453 0.017072 -0.10925 0.185949 -0.371652 -0.338181 -0.060517
-0.423167 0.0165437 0.239078 -0.287634 0.296638 -0.183297 -0.425275 -0.21069 0.00539448 0.0722338 0.239101 0.373249 0.301339 0.339456 0.178799 0.232291 -0.159043 -0.454386 -0.129781 -0.272534 -0.296177 -0.298436 0.00911119 0.0552792 0.100764 -0.300532 0.520978 0.0499337 -0.290435 0.407126 0.676029 0.401628 0.127872 0.0620152 0.160725 0.237684 0.245659 -0.234945 0.105858 0.263465 -0.133251 -0.475355 0.0554322 -0.0137801 -0.020358 -0.226787 0.323992 0.383359 -0.0348845 0.018139 0.215745 0.32129 0.00157631 -0.397742 -0.0902954 0.474262 -0.126373 -0.233023 -0.230996 -0.0517518 -0.295577 -0.401633 -0.0173193 -0.0162571
-0.225734 0.251974 0.252588 -0.264766 0.190722 0.108684 0.0424549 0.0702097 -0.0292206 -0.409637 -0.470548 0.256253 0.100656 0.381678 0.241242 0.362965 0.168392 -0.23519 -0.125469 -0.380051 -0.166834 -0.109299 0.711362 0.174689 0.19712 -0.218299 -0.0842851 0.101942 -0.0520835 0.247689 0.257143 -0.116951 -0.0405531 0.0938409 -0.132024 -0.37104 -0.807802 -0.0624195 0.127221 -0.162885 -0.0292538 -0.18549 -0.225175 -0.216833 0.120164 -0.149206 0.156452 -0.0389844 -0.202676 0.0239179 0.211642 -0.304124 0.0858682 0.00551833 0.467399 0.149504 -0.0286819 0.0733034 0.18844 0.636992 -0.09394 -0.00790176 0.134074 0.199398
-0.166522 -0.0569491 0.122047 0.229192 0.00839935 -0.202325 -0.166408 -0.0054448 0.131432 0.0274154 0.204104 0.0379114 -0.2247 -0.213736 0.102904 -0.214048 -0.235649 -0.0605472 0.0146042 0.231464 0.325366 0.323404 -0.614541 0.4623 -0.217334 0.249048 0.0856901 0.141548 0.163599 -0.269834 -0.00573226 -0.14921 0.272548 -0.0913586 -0.215734 -0.31269 0.0381378 0.260708 -0.261466 0.262663 -0.255694 0.0168207 0.445446 0.0180224 0.333966 0.0285719 0.0589881 0.384278 -0.311117 0.121879 -0.159152 -0.436007 -0.0187444 -0.25373 0.110403 0.103504 0.46291 0.311584 0.107486 -0.348701 0.129684 0.183676 -0.403829 0.192287
0.0613574 -0.201497 -0.255533 -0.141348 0.153338 0.0649024 -0.333603 -0.0453451 -0.203707 0.14847 -0.244133 0.0573893 0.172555 0.00955933 -0.456197 0.384026 -0.253222 -0.415247 -0.339961 -0.443336 -0.200709 -0.0690424 0.171005 0.0974681 0.163486 -0.690134 0.319806 -0.0692541 0.112441 -0.0358348 -0.0387877 -0.28354 -0.293239 -0.173207 -0.190823 0.340151 -0.0885274 -0.199593 -0.334042 0.205174 0.0123676 -0.441406 0.190329 -0.12242 0.194743 -0.159906 0.18536 -0.0930074 0.0327977 0.0417205 0.0329466 -0.116036 -0.15568 -0.404199 0.142597 0.214688 0.364903 -0.399745 0.415366 0.104277 -0.0810971 0.170708 0.444862 -0.102844
-0.19625 0.0437105 -0.124676 0.138816 -0.206144 0.128234 0.0383953 0.0116902 -0.231632 -0.0429093 -0.236589 0.400405 -0.419962 0.0154161 -0.146504 0.0767087 -0.26496 0.338756 0.298603 -0.209801 0.749071 -0.194278 0.292269 0.0142397 -0.000613805 -0.249507 0.287283 -0.219527 -0.075179 -0.405004 -0.081009 -0.135246 0.0185673 0.0350088 0.0705179 0.375724 0.23702 -0.369709 0.085104 0.219227 0.340812 -0.417985 -0.251474 -0.0136212 -0.100406 0.000439264 -0.195565 0.13927 -0.00521913 -0.107649 -0.0502249 -0.366619 -0.0576939 -0.0850492 0.303999 0.459428 -0.0171087 -0.136856 -0.0695331 -0.114372 -0.123956 0.134876 0.239912 -0.0973474
-0.280211 -0.142449 -0.0157176 -0.151785 -0.093117 -0.338005 -0.316852 0.249389 0.0750513 0.499223 0.45499 0.000729026 -0.330088 0.139707 -0.576376 -0.147183 -0.0528774 0.0742326 0.0738193 0.0489575 0.326301 -0.00494841 0.100514 0.316133 0.124949 -0.124231 0.26719 0.0407459 -0.0978657 0.367773 0.0680273 -0.296081 0.0930998 -0.198145 -0.00570085 -0.538769 -0.537029 -0.200721 -0.082059 -0.182391 -0.0815985 0.152816 -0.18567 0.0548089 -0.107223 0.0586195 -0.166398 0.0047366 -0.269451 -0.245486 0.172194 0.0135369 0.00200432 0.556232 0.26234 0.655455 0.852876 0.118406 0.269347 0.205946 0.0752019 -0.0790964 0.137696 -0.0987846
0.268934 0.0879679 0.162561 -0.0918373 -0.0920892 0.181647 -0.176398 0.113032 -0.322528 0.102243 -0.122535 0.0484483 -0.154456 0.210543 -0.0691823 0.286589 0.057602 0.210955 0.189513 -0.335452 0.131833 -0.0452421 0.372527 -0.836486 -0.177477 -0.680857 0.177288 -0.21414 0.00961481 0.0396194 0.547751 0.180062 0.269297 -0.240883 -0.29851 0.193543 -0.272598 -0.374006 0.0759016 0.0956932 -0.284453 -0.196573 -0.243962 -0.0563739 0.169754 0.00865808 -0.282561 -0.172953 0.027707 -0.0425278 0.259341 -0.25677 -0.0765291 0.0294698 0.222429 0.166078 0.167751 0.0072335 0.026636 0.0755237 0.227012 0.113931 0.177721 -0.0349677
-0.0788003 0.303231 -0.033261 0.0289041 0.176383 -0.0978635 0.159185 0.248684 -0.0852538 0.0275893 0.62446 -0.0408281 0.161462 0.176934 0.176846 0.278058 0.138347 -0.133346 -0.694477 -0.131091 0.549033 0.0564079 -0.0646357 0.822091 0.236024 -0.259232 -0.127509 -0.319719 0.136252 -0.415039 -0.209595 0.325771 -0.25674 -0.180817 0.208502 -0.066552 -0.0363451 0.272053 -0.214469 -0.10632 0.0997641 -0.468447 0.246245 -0.380864 -0.0756572 -0.559367 -0.0116483 0.0940364 -0.241507 -0.00295487 -0.0219585 -0.290712 -0.0193809 -0.172535 0.0530127 -0.189823 0.104179 -0.387548 -0.136416 0.263345 0.0190855 0.120234 0.259504 0.267675
-0.19296 0.176187 0.0940947 -0.383411 -0.296747 0.125568 0.141673 0.0119275 -0.233158 -0.199849 0.0571168 0.431455 0.235583 0.187795 -0.0703732 -0.395981 -0.324784 -0.433646 -0.153755 0.146053 0.153114 0.437442 0.202784 -0.508636 -0.364283 0.304906 0.0493702 0.0671278 0.0853109 -0.32471 0.213231 0.231719 0.162213 0.318161 -0.00597331 -0.292233 0.427887 0.523907 0.331179 0.0601933 -0.10586 0.249308 0.334842 -0.278435 0.283011 0.438827 -0.162245 0.0031288 -0.137917 -0.0833959 0.271668 0.545474 0.148649 0.255292 -0.551683 -0.286234 -0.425164 0.0765681 -0.174358 0.172268 0.0130945 0.146484 0.169756 0.450062
0.0137419 0.0770703 -0.0716522 -0.295418 -0.287496 0.217352 0.107705 -0.0478374 -0.240966 -0.194169 0.172859 -0.575434 -0.306964 0.122568 0.0107608 -0.147862 0.0753216 -0.0953123 -0.20381 0.259865 0.212226 -0.433073 0.273576 0.174683 -0.0251043 0.0888644 0.0269673 0.389591 -0.0156431 0.264817 0.0882881 -0.129959 0.0621077 -0.342991 0.16456 -0.360697 -0.0736973 0.305108 0.210315 -0.0814002 -0.280746 0.372498 0.0028733 -0.0191781 -0.136405 0.247661 -0.626257 0.0441818 -0.255734 0.00288827 0.31284 -0.328277 0.0396234 0.000354956 0.243404 0.806748 -0.135661 -0.0897659 -0.171468 0.488111 0.136568 0.478952 -0.168577 0.0823457
-0.244866 0.154121 0.215123 -0.284092 0.180046 -0.178538 0.0994005 -0.119736 -0.116899 0.559159 -0.215213 -0.125014 0.0764784 0.0539282 0.0369742 0.181515 0.22091 0.0327107 -0.156125 0.0874282 -0.572745 0.104973 -0.199358 0.139939 -0.0110078 0.00902399 -0.0204756 -0.15368 -0.163954 -0.0592203 0.0330139 -0.467573 -0.261602 -0.143614 -0.319577 0.22072 -0.184022 0.279586 0.356089 -0.178371 0.0577249 -0.497134 -0.131932 -0.226125 0.329305 0.0628581 0.684061 -0.028213 0.0933963 -0.204925 -0.367385 -0.0244481 0.0519629 -1.19496 0.117707 -0.563098 -0.0531036 -0.0752793 -0.118899 0.300358 -0.232198 0.286135 -0.0100173 0.0913007
0.00133445 -0.0242915 0.257351 -0.332174 0.0855221 -0.289387 0.0487834 0.0778864 0.369857 0.191057 0.227023 0.0149883 -0.027343 -0.440915 -0.195709 -0.177426 -0.0198796 0.0924094 -0.134716 0.138768 -0.301074 -0.243329 -0.0608847 -0.152899 0.159825 0.0378862 -0.043241 -0.173312 -0.152003 0.00957239 -0.188878 -0.1571 0.240348 0.447566 0.259755 0.264598 -0.407595 0.133275 0.480416 0.33442 0.254481 -0.748065 0.441165 -0.14172 -0.00991465 0.0960411 0.852848 0.151124 0.345038 0.416366 0.0932994 -0.373557 -0.0793771 -0.373485 -0.00894178 -0.00550446 0.165788 0.184553 -0.120035 0.627863 0.0214451 0.128738 0.19288 -0.141883
-0.246237 0.000730067 0.0331521 0.24572 -0.185751 -0.53805 0.164572 0.0440625 -0.040813 -0.181255 -0.167406 -0.0278008 0.115839 0.299944 -0.0714019 0.233984 0.00864557 0.300281 0.334052 -0.243556 0.00852328 0.0182211 0.417563 -0.477926 -0.179278 -0.214996 0.188059 -0.101935 -0.0211137 0.56484 -0.357743 0.00272966 0.401212 0.0507476 0.0263507 -0.469605 -0.644647 -0.157795 -0.0914958 -0.650091 0.413385 -0.340045 -0.410173 -0.267524 -0.181716 0.152704 -0.0721256 0.0554227 -0.022904 0.167623 -0.172144 -0.665823 -0.131506 0.0233354 0.167471 0.798776 -0.237707 0.262157 0.340934 -0.250092 -0.064862 0.235621 -0.165736 -0.348389
0.582776 -0.0632937 0.00202377 -0.0582806 -0.0319298 0.0317412 0.122423 -0.143994 -0.120543 0.100027 -0.139119 0.265762 0.159999 -0.12877 -0.345601 0.0860932 -0.23218 -0.08011 0.0742523 -0.361193 0.181929 -0.0119741 0.497388 -0.0876892 0.192622 -0.0111821 0.429292 0.168824 -0.193346 0.192256 0.438057 -0.336157 -0.0384769 0.0833309 -0.407343 -0.437388 0.0564764 -0.133997 0.482186 0.0621187 -0.0341374 0.115424 0.0208095 -0.201971 0.0347178 0.177801 0.0480095 0.229599 0.324926 0.175399 0.359494 -0.133562 -0.0778571 0.232781 -0.291959 0.227393 0.0713312 0.236473 -0.133452 0.301838 -0.0716885 0.0643681 -0.587965 0.222894
0.357472 -0.264226 0.149219 0.0968745 0.0476303 0.0931679 -0.236998 0.0972094 0.346428 0.146604 0.143584 -0.0163738 -0.190152 -0.115816 0.261761 -0.327196 -0.0607804 0.253117 -0.179044 0.481903 0.378057 -0.38389 0.000477491 0.302251 -0.0189507 -0.0386921 0.0985069 0.0215749 -0.00955555 -0.622215 -0.0102183 -0.116132 0.0034995 0.122325 0.200839 0.530574 -0.045936 -0.215319 0.0574928 -0.100221 -0.0448617 -0.675705 0.0949086 0.50682 -0.0160779 -0.0692675 0.168778 -0.0617007 0.215962 -0.0154695 -0.0623073 -0.479414 0.181795 -0.347176 0.0592029 -0.233506 0.150297 0.0164972 -0.157522 0.103817 -0.197469 -0.54976 0.0328009 0.0555829
0.0761179 -0.0151625 -0.125481 0.338886 -0.185329 0.686589 -0.151022 -0.23104 0.0723694 0.0921537 0.184068 0.612587 -0.0136269 -0.188148 -0.0867627 0.168607 -0.0582238 -0.370281 -0.014183 0.124006 0.277419 -0.159878 0.193792 0.147622 0.432574 0.337588 0.200254 -0.329256 -0.0197229 -0.714126 -0.157257 -0.14847 -0.0625048 -0.249151 0.111594 0.394092 0.525185 -0.363907 -0.211037 0.411507 0.268754 -0.0570339 0.13997 0.12792 0.0349398 0.195989 0.321877 0.00698266 0.746339 0.174962 0.0358876 -0.524521 -0.120117 -0.103007 -0.286955 0.0414475 0.306973 -0.199411 0.0338445 -0.0391626 0.0805638 -0.0669762 0.562576 0.00887605
0.0461948 0.0151939 0.0281318 0.136312 0.103826 0.193341 -0.286596 0.0525519 0.351988 -0.29052 0.209766 -0.238097 0.0933204 -0.141653 0.632664 -0.0774817 0.0986499 0.613501 -0.0129823 0.326621 -0.0338265 -0.298641 0.113054 0.255649 -0.09485 -0.17646 0.0228353 0.126275 0.174382 -0.429857 -0.237365 -0.159041 0.180331 0.179732 -0.214632 0.433003 0.394613 -0.13413 0.0318098 0.000374129 -0.115553 -0.188523 0.0159828 -0.0969686 -0.136036 0.233165 0.0120405 -0.0851983 0.135692 -0.0422179 0.0602652 -0.000369915 0.295818 -0.156827 -0.334668 -0.0998497 -0.104391 -0.00370561 -0.302949 -0.0213589 -0.0775295 -0.0913012 -0.227659 -0.202947
-0.301318 -0.0770055 -0.0919105 0.0129648 -0.445007 -0.0362086 -0.307041 0.202767 0.136686 0.32939 0.420854 0.273528 -0.308159 -0.222527 -0.0445426 -0.380811 -0.276165 0.19755 0.00814999 0.380779 0.308812 -0.213547 -0.334968 0.14386 0.362208 0.306732 0.335487 -0.194877 0.00550181 -0.808258 -0.138167 -0.0941543 0.124853 0.0197074 -0.0108848 -0.0957149 0.100256 -0.296587 0.0642563 0.14752 0.0854372 -0.234431 0.239038 0.171676 -0.0637752 0.16161 -0.319757 -0.100494 -0.126229 -0.0346239 0.326421 -0.255912 0.112071 -0.11617 0.118993 0.188393 -0.140917 0.0317415 -0.0100256 -0.14053 -0.293542 0.394226 0.326493 -0.0904189
0.112481 0.569463 0.15764 -0.062115 0.0497355 0.121654 0.302117 -0.0498912 0.16695 0.100354 0.0403597 0.207016 0.2376 0.0275737 0.0201604 0.22253 0.0919617 0.175767 -0.12134 0.304212 0.0250968 -0.119836 0.187331 0.190453 -0.0566454 0.0593016 0.293905 -0.10544 -0.0997195 0.0546371 -0.0439418 -0.0113619 0.0100879 0.210587 -0.343486 0.344565 0.27099 -0.033272 0.536383 -0.184775 0.0429136 -0.288361 0.0113808 -0.285883 -0.0515095 0.021817 0.324621 0.106329 0.0571818 -0.286725 0.310133 -0.141706 -0.0981571 -0.292606 0.0840858 0.326183 -0.0837767 0.223676 0.104555 0.435979 0.0903818 -0.271596 0.31757 -0.0911415
-0.304888 0.148842 0.389632 -0.00811695 -0.0372363 -0.0557268 0.184714 -0.0157917 -0.20298 -0.174929 0.177503 0.207572 -0.187857 0.255687 0.290502 0.0338998 -0.418414 -0.0108173 -0.0735982 -0.642486 -0.200628 0.155929 0.0498294 -0.0091871 0.00624957 0.157718 0.106025 0.412088 0.241489 -0.479015 -0.237917 0.373323 0.0320112 0.18516 -0.192888 0.336013 0.457046 0.243291 -0.235705 0.35527 -0.0661199 -0.163025 -0.219385 -0.518259 0.0844068 -0.338181 0.049393 0.000743383 -0.186313 0.0382055 -0.202248 0.286308 0.0931848 -0.231876 -0.253767 -0.145141 -0.653198 -0.321932 -0.241336 -0.229424 0.0240795 0.438281 0.0698702 -0.000771462
-0.19396 -0.0588967 0.0756793 0.260456 -0.129525 0.207837 0.182156 -0.191594 0.0258457 -0.210591 -0.106801 -0.0254051 -0.256116 0.355087 -0.2725 0.0148524 -0.586432 -0.0692346 -0.243046 -0.234074 0.229641 0.196862 -0.0257001 -0.0906853 -0.048964 -0.192138 -0.303356 0.0381377 -0.0139441 -0.374809 -0.267783 0.057035 -0.215246 -0.036542 -0.200762 -0.166601 0.261784 -0.239188 -0.113256 -0.276304 0.195411 0.0652825 -0.0742601 0.189714 -0.153129 0.254595 -0.0180211 0.0183955 0.0756464 -0.340591 0.292795 -0.366703 -0.0843156 0.502721 0.276758 0.41422 -0.503904 0.011781 -0.147934 -0.0839587 -0.0702413 0.635261 0.118755 0.0524622
0.0808326 0.32947 0.0408354 0.143561 0.177781 -0.279998 -0.00762144 -0.0852821 -0.0741649 0.349704 -0.300466 0.0696928 -0.0429351 -0.810916 0.225973 -0.338433 -0.297706 -0.0387596 0.297033 -0.152101 0.257766 -0.212294 -0.192559 -0.289554 0.0891797 0.0676356 0.53807 -0.309328 0.0947916 -0.47274 -0.313243 -0.584235 0.23689 -0.0866036 -0.124638 0.177505 0.574356 -0.0345017 0.0892515 0.0659363 0.222885 0.209348 0.29274 0.0146553 0.0661805 0.282213 0.127937 0.210351 0.88237 -0.138751 0.221071 -0.874023 -0.0957155 0.0668227 -0.603578 0.151653 0.044642 -0.00624717 -0.324988 0.332456 -0.0593637 0.0944352 0.29704 0.0842381
-0.225368 0.230674 -0.0677692 0.121957 -0.124943 -0.199453 0.473391 0.0732823 -0.0861567 -0.196006 -0.0671079 0.232198 0.214166 0.0665372 -0.163362 -0.0410141 -0.083481 0.340447 -0.0402133 0.148081 -0.40694 0.230221 -0.242579 -0.341015 -0.149752 0.576598 -0.112973 0.399991 -0.0979713 0.27059 -0.0491557 0.0418161 0.153178 -0.197204 -0.239457 0.0545538 -0.706364 -0.115665 0.212058 0.128356 -0.024406 -0.134987 -0.118452 0.448115 -0.347867 0.691104 0.162198 0.270292 -0.101172 -0.0230853 -0.060992 0.146147 0.049477 0.117668 0.189694 0.272241 -1.00783 -0.252213 -0.164172 -0.0462381 0.0326092 0.501628 -0.517891 0.070949
-0.498343 0.303354 -0.351249 -0.238551 -0.423484 0.151019 0.0588696 -0.0196062 -0.100759 -0.319255 0.111963 0.430729 -0.164654 0.115578 0.120983 0.142836 -0.41619 -0.339719 -0.0143438 -0.102719 -0.311293 -0.290348 0.0870693 -0.0772812 -0.474535 0.161475 0.589885 0.0675665 -0.0578677 -0.168267 0.284297 0.224996 -0.0456163 0.240115 -0.272042 0.598449 0.189327 0.349361 0.269705 -0.119346 0.184677 -0.180438 -0.159652 -0.366375 0.155897 0.0584825 -0.0161874 0.232598 0.0642733 -0.107218 -0.117138 -0.460355 -0.125654 -0.150454 -0.060813 0.54013 -0.77542 0.00311561 0.0503596 0.304637 -0.0378131 -0.00175499 0.195502 0.121132
0.00506889 0.173437 0.425664 0.632127 0.223456 -0.392024 -0.378856 0.06101 0.0745234 0.216531 0.42129 0.255224 -0.544808 0.124399 -0.6563 -0.245234 -0.28467 0.628417 0.0835083 0.211757 0.0110198 -0.0231934 -0.0820778 0.392506 0.173375 0.220676 0.180799 -0.0377791 -0.0556448 0.29689 -0.125026 0.0122554 0.274742 -0.0255157 -0.133709 -0.290307 0.129409 -0.2985 -0.159872 -0.0869649 -0.0551037 -0.268959 -0.389043 0.104332 -0.422938 -0.289278 0.0381662 0.287276 0.177928 -0.0986625 0.561213 -0.748036 0.51506 0.193785 0.598425 1.05373 0.357302 -0.464395 0.594812 -0.358333 -0.197845 0.0014601 -0.349876 -0.130866
-0.297303 -0.162918 0.0464932 -0.230702 -0.201647 -0.280094 0.1433 0.160069 0.161892 -0.512136 0.0709273 0.20502 -0.140346 0.202643 0.00286506 0.111418 -0.0896591 0.105486 0.254244 0.477883 0.158205 0.0480296 0.348417 0.0381042 0.0766004 -0.450061 -0.0449142 0.3326 -0.105811 0.229804 0.114167 -0.224948 -0.158397 0.0981942 0.0242034 -0.0394051 -0.511184 -0.281191 -0.0779151 -0.0549424 0.146494 -0.481048 -0.254793 0.0666026 -0.279394 0.0993129 -0.00254365 -0.131418 -0.488082 -0.0463119 -0.393747 -0.418019 0.0416852 -0.23573 0.134208 0.118723 -0.219836 -0.0834935 0.0288774 -0.195685 0.037115 -0.347828 -0.299825 0.0565282
0.168272 0.0479082 -0.365452 -0.15015 -0.035623 0.312658 0.174858 0.352666 0.189481 0.344831 0.0600859 -0.0810136 0.284127 -0.502293 0.241317 0.179888 -0.758455 -0.54223 0.129289 0.130382 0.00588577 0.209962 0.375197 0.152274 0.0865726 -0.333047 0.405332 0.311675 0.0451871 -0.132451 -0.0865684 -0.648347 -0.163879 0.0214094 0.122005 0.105377 0.210606 0.261115 0.0527194 -0.275081 -0.270257 0.536424 0.250994 -0.138215 0.099171 0.349574 -0.189298 -0.238276 -0.20538 -0.000512829 0.0839567 -0.17618 -0.141954 -0.141258 -0.496299 -0.175147 0.166146 0.25913 0.416599 -0.443376 -0.0638366 0.0286197 0.323793 0.108962
0.268288 -0.111407 -0.0395354 -0.0790669 0.164761 0.26356 0.307782 -0.0596413 0.253425 -0.0365824 -0.607382 0.0108373 0.303376 0.162957 -0.189387 -0.0397464 0.141695 -0.484753 0.225103 -0.181939 0.271568 0.0689734 0.227569 -0.246404 -0.0942221 -0.0101095 0.0320027 -0.46466 -0.0167846 0.568655 0.158873 0.0506347 -0.0845973 0.23939 -0.246801 -0.0593783 -0.148971 -0.0230856 0.108366 -0.390997 -0.122978 -0.293669 -0.133535 -0.110337 -0.122136 0.0844869 -0.12832 0.23428 0.275595 0.0249119 0.182691 -0.111342 -0.117869 -0.0319442 -0.0443407 0.202953 0.28006 -0.105202 0.197964 0.735615 0.0441488 0.15525 -0.344407 0.0908238
0.0711123 0.0810298 -0.245784 -0.178713 0.154584 0.249043 -0.374199 0.257349 0.203613 0.218828 -0.420784 -0.688799 -0.0357214 -0.0750702 0.268141 0.0543478 0.45337 -0.0134275 0.136374 0.290248 0.428205 0.00942034 0.232963 0.237228 0.176988 0.0778461 -0.393006 -0.297225 -0.0500365 0.18237 0.138284 0.30735 -0.274804 -0.0730235 0.372438 0.0786287 -0.2943 0.312045 -0.309346 -0.256655 -0.0193676 0.341243 -0.185653 0.278071 0.0480206 0.0331196 -0.379522 0.111379 0.180597 -0.0809696 -0.472163 0.352612 0.0295136 -0.216469 0.153626 -0.628872 -0.611227 -0.0372427 0.193214 0.135408 0.0731204 -0.109883 -0.211276 -0.128308
0.204907 -0.137286 -0.0253783 0.148681 0.0713643 0.131497 -0.00266056 -0.102734 -0.0370335 -0.208374 0.358318 -0.208907 0.0779998 -0.0470996 0.30343 0.201503 -0.202902 0.106683 0.0451768 0.173165 0.121427 0.105602 -0.743535 0.198913 0.163479 0.155378 -0.212965 -0.0287114 -0.0244445 -0.615375 -0.244736 0.316009 -0.130376 0.0983662 0.257341 0.0984914 0.0441288 0.0322552 -0.126392 0.290365 0.202075 -0.182929 -0.0600005 -0.114827 0.0146102 -0.345335 -0.190408 0.0904254 -0.375985 0.0122262 -0.231628 -0.23628 0.00537155 -0.121604 0.0717576 0.0328788 -0.230606 -0.177108 -0.248559 -0.111105 -0.000924946 -0.0983944 -0.412866 -0.203309
-0.0321176 0.261107 0.252243 -0.000342145 -0.28976 -0.0995029 0.271449 -0.0695399 -0.127622 0.117086 -0.0985655 0.0772908 -0.0987716 0.716702 0.176357 -0.0808505 0.163839 -0.0842438 -0.140881 -0.14729 -0.24141 0.213267 0.393337 -0.431286 0.27316 -0.165924 -0.350496 -0.417269 -0.147512 0.130968 0.0175062 0.00627676 -0.22801 -0.278884 -0.0970956 0.237481 -0.137373 -0.0933798 0.0646219 0.417971 0.31795 -0.420643 0.032947 0.00790104 0.234784 -0.0690334 0.178559 0.1669 -0.167106 0.11745 -0.144383 -0.502228 -0.084599 0.070938 0.0453555 -0.106734 0.462594 -0.175497 -0.191242 0.694825 -0.178685 0.726306 0.0486163 0.116994
0.191884 0.0947915 -0.273273 0.0157118 0.28838 0.0892015 0.540682 0.087641 0.144827 -0.272283 0.437911 0.154141 0.0775452 0.491084 -0.259122 0.0715798 -0.131607 -0.191606 0.10778 0.0926444 0.232308 -0.50137 0.290202 0.208435 0.0590068 -0.231055 0.302424 -0.00526742 -0.157598 0.249819 0.0821459 -0.0886987 -0.0879278 -0.00216243 -0.23579 -0.354696 -0.552619 -0.966129 -0.215414 -0.108434 -0.29814 -0.0482717 -0.233663 0.0442408 -0.240701 0.200425 0.269569 0.0148444 0.113804 -0.152699 0.250141 -0.586154 -0.271783 0.034792 0.660044 0.305594 -0.27017 0.126118 -0.0734651 0.512369 -0.00377993 0.116894 0.0221228 0.3522
-0.0896812 -0.182082 -0.216462 0.138434 -0.0592215 0.125415 0.382702 0.147257 -0.317172 0.681984 0.293567 -0.372457 0.0898516 -0.0288519 0.0788329 0.0473623 -0.0119008 -0.507238 -0.0979844 -0.373799 -0.406115 0.45312 0.48058 0.218982 -0.207355 -0.16092 -0.11365 0.127214 -0.00168077 0.288853 -0.204286 -0.32143 -0.380729 0.130311 0.605429 -0.102978 0.189903 0.112062 -0.125107 0.471605 0.292152 -0.31911 0.36008 -0.242237 0.163944 -0.230608 0.442838 0.0990267 0.272754 0.0831721 -0.42812 0.513986 -0.0528199 -0.100049 -0.224876 -0.740936 -0.0724849 0.0348513 -0.324671 0.224003 -0.0343578 0.0349179 0.391376 -0.0446238
-0.394587 -0.180417 0.197778 -0.272261 0.000900941 -0.337637 0.0182248 0.262584 0.11578 0.0321554 -0.129356 0.0530215 -0.138983 -0.134493 -0.0174975 0.110842 0.0950468 0.12147 -0.252886 -0.115819 0.0350235 0.133793 -0.0504454 0.277743 0.164575 0.116192 -0.623918 -0.0344824 -0.0258697 -0.0795224 -0.0880911 -0.169786 -0.200987 -0.0296714 0.307568 -0.126676 -0.667246 0.106436 0.0556571 -0.142409 -0.167761 -0.584942 0.0556205 0.0728363 -0.124235 0.449545 0.356119 0.0960672 -0.0884922 0.177276 0.0848627 -0.602832 -0.112137 -0.193748 0.179196 -0.496088 0.0732142 0.160359 -0.281299 0.0253332 -0.134643 0.190461 -0.123053 -0.0585709
0.0696222 -0.215301 -0.00286546 -0.0686738 0.218429 -0.0529391 -0.130125 -0.159432 0.09085 0.237057 0.134166 0.0929464 0.241979 -0.0137102 0.0679455 0.281103 0.15689 0.068456 -0.35718 -0.0152127 -0.52562 -0.389209 -0.201749 0.0664925 0.0656956 0.296091 0.145253 -0.0456195 -0.104024 0.232217 -0.395782 -0.208168 -0.0602729 0.246933 0.125571 -0.111825 0.171462 0.330958 -0.248168 0.0594779 -0.143494 -0.035923 0.270377 -0.0258021 -0.300241 -0.181822 -0.0929751 -0.520983 0.173701 0.148378 0.108473 -0.0680069 -0.00575073 -0.197077 -0.153057 0.144638 -0.224582 -0.100133 -0.203392 0.0611734 -0.240081 -0.695611 0.289992 0.18278
0.145847 0.0129306 -0.31716 0.143857 -0.0415779 -0.199701 0.0140458 -0.183114 -0.0896499 -0.271822 0.208409 -0.118257 -0.0444101 0.35903 0.395356 0.396168 0.019169 0.413071 -0.0695604 0.343554 -0.152103 -0.112842 -0.00772491 -0.210268 -0.120754 -0.0455317 0.271358 0.0947203 -0.164637 -0.0466091 0.0277897 -0.283146 -0.416302 0.421166 -0.168788 0.199666 -0.0410674 -0.137001 -0.026268 0.592949 0.0234294 -0.0308148 -0.0409604 0.0465348 -0.212039 -0.279767 -0.134323 0.131588 -0.21219 -0.109475 0.189952 0.0936186 -0.384038 -0.060145 0.126414 -0.0318195 -0.0191843 -0.146498 0.0415073 -0.0519583 -0.0130556 -0.0435776 -0.885396 -0.0394668
0.190007 0.0329772 0.115273 -0.273251 0.104981 0.105131 0.419696 -0.327597 -0.115416 0.126178 0.193306 0.175479 0.898366 -0.188654 0.00732634 0.437388 0.230378 0.363992 -0.0112119 0.182181 0.0795513 0.33564 0.0644116 0.104678 0.188079 0.0482998 -0.193215 -0.0247748 -0.155012 0.0326463 0.229443 0.172335 -0.158617 0.11262 -0.23105 -0.251321 -0.162684 -0.142698 -0.203629 0.374381 -0.440039 0.616862 -0.41458 0.572052 -0.288589 -0.143658 -0.0565484 0.390571 -0.188271 0.135091 -0.177399 0.217316 -0.522481 0.502372 0.385216 -0.105581 -0.0019452 0.338785 0.0868157 -0.167392 -0.162098 -0.468 -0.0112859 0.202538
-0.312905 0.0866937 -0.241669 0.264631 0.216712 -0.0603605 0.192108 0.208015 0.280932 -0.472399 -0.431345 -0.929605 0.234469 0.139694 0.753244 -0.703888 0.138914 0.0290997 0.0635829 -0.129779 0.26433 0.337496 -0.309363 0.0243552 0.00518081 0.20034 -0.138815 -0.290187 0.187984 -0.110569 -0.14629 0.223262 -0.456169 -0.0918988 0.875282 -0.0443994 0.182444 0.126771 -0.766132 0.287341 0.0142161 0.341906 0.00408284 0.212111 0.30068 0.168803 -0.214339 -0.282798 0.158689 0.0697254 -0.753011 0.151558 -0.227878 0.106707 -0.354349 -1.25829 -0.121184 0.0309751 -0.178318 -0.32792 0.224864 0.227289 -0.0294858 0.426956
0.304722 0.268928 -0.00742192 -0.486892 0.0840297 0.0520777 -0.215708 -0.00442637 -0.265367 0.175893 0.235937 0.463386 -0.00913018 -0.0136827 -0.713746 -0.269349 -0.424121 -0.0988798 -0.477044 -0.406717 0.25776 1.02552 0.119144 -0.317928 0.287816 0.432475 -0.510942 -0.239777 -0.13661 0.253609 0.270807 0.347264 -0.1327 0.162267 0.219106 -0.154637 0.702817 0.220382 0.0141198 -0.186713 -0.696099 0.126085 0.288825 -0.0583043 0.113248 -0.105204 0.370683 0.152174 -0.045491 -0.115904 0.0662464 0.55534 -0.274613 -0.0693554 -0.113902 -0.175428 0.294222 -0.20568 0.0568376 0.695888 -0.0447808 -0.387065 -0.0469529 -0.0402912
0.201953 -0.196442 0.0161502 -0.131138 -0.0967328 -0.0769049 0.0890854 0.359417 0.0343449 -0.220142 -0.383947 0.0867164 0.0271663 0.541583 0.193089 -0.316463 -0.0648441 -0.045612 0.288993 0.0897829 0.346168 0.244231 0.114172 0.260158 -0.12246 -0.332149 -0.590443 -0.161657 0.015764 0.44377 0.067987 -0.169163 -0.205441 0.00749417 0.135567 0.0219185 -0.166025 -0.205346 0.172567 -0.134522 0.19078 -0.702659 0.214306 0.250713 0.1091 -0.0214573 0.370625 -0.171475 0.391227 0.0748456 -0.0496996 -0.362607 0.0233712 -0.29204 0.0796557 -0.0205924 -0.325734 0.237315 -0.0310396 0.154691 0.0375403 0.248975 -0.190166 -0.145512
0.352892 0.17336 -0.0941066 0.300468 0.177748 0.43438 -0.160783 -0.176026 0.183933 0.353846 0.0212722 0.0399547 0.0803319 -0.432752 -0.22772 0.205556 -0.132214 -0.0784048 0.00314186 0.417218 0.125368 -0.097276 -0.200057 -0.121481 -0.173804 -0.0469882 0.407886 0.0439028 -0.0138559 -0.635985 -0.191622 -0.360337 -0.0551828 -0.077861 -0.166624 -0.0545563 0.543969 0.0608968 0.266671 -0.0912093 0.144696 0.540481 -0.157161 0.237743 -0.0578464 0.0377877 -0.102897 0.223496 0.300483 -0.107618 0.209836 -0.259056 -0.25932 -0.139234 -0.0662155 0.599407 0.084259 -0.0418986 -0.133392 -0.198952 -0.0390142 0.254681 0.105101 0.0481194
0.304378 0.140238 -0.132087 -0.0674111 -0.438836 0.0441099 0.099983 -0.0752115 -0.120265 -0.0414804 0.220833 -0.0695355 0.0222733 -0.0395211 0.181373 -0.311116 0.234124 0.346031 0.0839376 0.204795 0.480278 0.0777146 -0.0675714 0.0763916 -0.0261547 -0.452239 -0.0754609 -0.0904306 -0.165589 -0.139134 -0.114724 -0.44468 -0.496725 0.378056 -0.286222 -0.147416 -0.0127673 -0.137263 0.0770541 0.537611 0.3005 -0.446766 0.116309 0.135816 0.00822002 0.132072 0.244986 0.101297 -0.121882 -0.0990507 -0.071747 0.0993846 -0.453564 -0.155089 -0.236597 -0.546015 -0.237161 -0.0878519 -0.135567 -0.341074 -0.219522 -0.120103 -0.601047 -0.378384
-0.204127 -0.0921877 0.390305 0.0320966 -0.0732864 -0.27776 -0.0886492 -0.0784981 -0.0576323 -0.200164 -0.178293 -0.65597 -0.266557 0.54086 -0.24291 -0.106114 -0.802382 -0.279158 0.286439 0.258433 -0.508957 0.552589 -0.271258 0.553222 0.244418 0.46606 -0.541176 -0.0354257 -0.0924282 0.257062 -0.304997 0.182816 0.0364312 0.28747 -0.126653 -0.611361 -0.270625 0.526172 -0.0796364 0.35431 0.474483 -0.471075 0.344722 0.123608 -0.0281878 -0.362097 -0.0631826 0.205572 -0.844635 -0.190689 -0.76706 -0.760636 0.013902 -0.269997 0.438823 0.0798533 -0.185194 -0.394657 -0.0145452 0.452707 -0.0575572 -0.00132948 -0.0478304 0.180043
0.265811 -0.0685012 0.112489 0.323766 0.071109 0.281469 0.151497 -0.389358 0.0766515 0.264916 0.26094 0.129608 0.169411 -0.15678 0.415829 -0.299982 -0.287998 -0.0601728 -0.116086 -0.205578 0.100929 0.0384235 0.111216 -0.0325136 0.0987437 0.357726 0.351148 0.408735 0.00562324 -0.440797 -0.147729 0.175969 -0.0780059 0.497165 -0.0791671 0.0909133 0.481194 -0.103471 0.282764 0.252302 0.414548 -0.168623 0.239587 0.0621002 -0.167086 0.437385 0.252142 0.283666 0.0503062 -0.112728 0.560981 0.0667873 0.0582733 -0.0988406 -0.0490047 0.00972972 -0.394523 0.066457 -0.0357068 0.0532909 -0.281123 -0.0168234 0.0936294 -0.35398
0.2983 -0.11569 -0.0856986 -0.225741 0.235908 0.46582 -0.070072 -0.0979579 0.120108 -0.0270544 -0.0461193 0.192908 -0.284993 0.0036371 0.145677 0.0278015 -0.0879029 0.0466168 0.488487 -0.446407 0.498181 0.115638 -0.0181961 -0.228173 -0.203711 -0.158535 0.375171 0.11944 0.0510377 -0.17706 -0.487181 -0.386839 -0.0128715 -0.130595 -0.00801028 0.285653 -0.228056 -0.135576 0.1548 0.223791 0.209685 -0.220536 -0.0741618 -0.0175679 -0.0857123 -0.033386 0.346157 0.552171 0.594419 0.117904 0.0891461 -0.409191 0.200119 0.0885812 0.417867 0.155466 -0.614497 0.0271879 -0.301288 -0.0268038 0.0179494 -0.538866 0.161165 -0.156157
0.079834 0.0252559 -0.0836916 0.313963 0.311821 0.30328 -0.19413 -0.103832 -0.417994 0.300202 -0.428315 -0.366044 -0.146242 -0.107177 0.00306021 -0.082468 -0.338789 -0.304889 0.429668 -0.432331 0.00208262 -0.082185 0.47062 -0.271432 -0.307396 -0.662362 0.259056 0.309883 -0.0973291 0.136098 0.267819 -0.376309 0.457743 -0.16485 0.0366952 0.0213847 0.11738 -0.381028 0.0753693 -0.35962 0.0856244 0.173995 -0.425031 -0.368362 0.0491215 0.238646 0.414153 0.684846 0.261616 -0.236273 0.12319 -0.404301 -0.260922 -0.0357337 0.239416 0.00461699 0.0713937 0.15046 0.0993905 0.204089 0.0937728 0.133173 -0.000411189 -0.122171
-0.0307728 0.207892 0.0324994 -0.299835 -0.669626 0.109557 -0.188687 -0.0701799 0.109629 -0.107158 -0.19745 0.0580172 0.167048 0.0359056 -0.196394 -0.235686 -0.412147 -0.391101 0.0554199 0.191442 -0.591732 0.147779 -0.032623 -0.306877 0.0351778 0.457346 -0.225144 -0.120206 0.075499 0.680424 0.161487 0.163458 -0.0629041 0.1672 0.00931282 -0.277355 -0.0458157 0.318375 0.459473 0.0860649 0.371038 -0.45094 0.358374 -0.264245 -0.00851826 0.000432748 0.168528 0.114934 -0.0497755 0.16522 0.279217 0.321332 -0.0769743 0.396636 0.342559 0.191616 0.286308 -0.186115 -0.136354 -0.142694 -0.190038 -0.125646 -0.154273 0.150199
0.201122 -0.0211727 -0.0280896 -0.311919 -0.175739 0.0860791 0.114217 -0.0937905 0.0501023 -0.082347 0.179112 0.192008 0.230218 0.495795 -0.00620285 0.0779862 -0.132857 -0.628918 0.18607 -0.242321 -0.373746 -0.367171 0.554694 0.283701 0.126326 -0.399539 0.0639767 0.213015 -0.00279739 0.333569 0.42414 -0.41306 -0.684826 -0.245856 -0.131854 -0.376043 -0.444976 -0.288483 0.377559 0.0916886 0.248826 -0.0916921 -0.153969 -0.123711 0.12966 0.472383 -0.210007 -0.036864 -0.115843 -0.112682 0.0670195 0.467985 0.0893952 -0.0608557 -0.0796248 0.305347 -0.0171706 -0.0554106 0.124413 0.296209 0.0323489 0.16894 -0.699593 -0.168585
-0.237855 -0.277806 -0.185209 0.0901919 -0.108585 -0.140197 -0.519307 0.0616442 0.0299356 -0.160446 0.346376 0.0094138 -0.346018 -0.178636 -0.186651 -0.180466 0.36941 0.372562 -0.250327 0.332415 0.522713 0.00306795 0.167745 0.0978401 0.276317 -0.367321 0.368902 -0.562839 -0.0543262 0.120655 -0.0790475 -0.316659 0.173936 0.29089 0.191064 0.257276 0.00864405 -0.216582 0.0194024 0.329039 0.0570151 -0.431421 0.0975766 0.376224 -0.230448 -0.14732 0.206728 -0.145044 -0.0667958 0.170683 0.127598 -0.00192993 -0.0962658 -0.0920763 -0.492324 -0.119457 0.435372 0.147366 -0.105687 -0.542045 0.119196 -0.433349 0.238584 -0.0489744
-0.211766 -0.33428 0.160966 0.378182 0.0676844 -0.269364 0.356755 -0.164951 0.131217 0.19023 -0.163046 -0.300237 -0.172367 0.268557 -0.182711 -0.174626 -0.0720876 -0.213249 0.201447 -0.335117 -0.0989508 0.269827 0.201423 0.583135 -0.272877 0.369843 -0.510823 -0.0840893 0.0256656 -0.38463 -0.082979 0.211366 -0.338735 -0.219134 -0.0484148 -0.769127 -0.429423 0.456441 -0.262848 -0.308231 0.00938258 0.298814 0.454631 0.290083 0.291912 0.147549 0.40416 -0.214214 0.275712 -0.0265518 -0.511936 -0.499509 0.165605 0.0954353 0.129036 0.0840058 -0.000968437 0.140506 -0.123097 0.116853 -0.0679421 0.799089 0.0893617 0.167922
-0.119318 0.0979855 0.184071 -0.370923 0.0883617 0.016295 -0.221604 -0.0440468 0.123804 0.102679 0.24798 0.156987 -0.0237678 0.0338795 -0.401631 -0.320693 0.326438 -0.00241687 0.0642962 0.0559592 -0.0255942 0.469209 -0.232354 0.0859292 -0.208117 0.00403414 -0.244433 0.437018 0.11885 0.171631 0.104047 0.137388 -0.0472465 -0.134387 -0.000145248 -0.409505 0.121893 0.287038 -0.270126 0.238803 -0.0800209 0.230674 -0.0243044 0.0534124 -0.163808 0.197399 -0.239524 -0.146827 -0.173594 0.0940895 -0.333643 0.386551 0.0851758 -0.0126021 -0.174733 0.000214828 0.356851 0.0241445 0.32412 -0.0928867 -0.139535 -0.0156784 0.115805 0.100255
1 64
-0.176427 -0.0295315 -0.00159057 0.345137 0.354289 0.363457 -0.208946 0.00441435 0.0214437 0.510961 0.717798 0.182066 0.216121 -0.55956 0.29842 0.399072 -0.170488 0.293855 0.0872516 0.295527 -0.476211 0.0656389 -0.382347 0.359077 0.0839555 0.18473 -0.168407 0.773819 -0.0393513 0.259343 0.294619 0.108643 0.00301195 0.915399 -0.447039 0.685683 0.781482 0.306529 0.487195 -0.101221 -0.215434 0.793925 0.308196 0.0254637 -0.12549 -0.451948 0.549743 0.00683823 -0.024281 -0.0717602 0.427196 0.942031 0.122654 -0.619571 -0.304237 -0.21723 -0.100274 0.0252207 -0.220474 -0.114848 -0.0112116 -0.804616 0.277903 -0.0172291
64 10
-0.285644 1.17991 -0.712299 -0.356633 -0.206834 0.571374 0.0497288 0.252265 0.568613 -1.14469
-0.251548 -0.218213 0.341046 -0.306131 -0.567423 0.70282 0.134579 -0.00424504 -0.0922519 0.563022
-0.253595 0.714436 0.0410395 -0.685627 -0.2413 -0.201079 -0.210933 0.49698 -0.128227 0.352069
0.733323 0.269036 1.05853 -0.439737 -0.624111 -0.543526 0.0117705 -0.0198877 0.992908 -0.601194
0.363497 -0.31332 -0.20248 0.0981757 0.226807 0.241409 0.387839 -0.268951 0.557115 -1.27806
-0.0505815 0.761576 0.162998 -1.12156 0.787077 -0.467362 0.583923 -0.378221 0.504233 -0.501346
0.505849 0.487688 0.0895979 1.23 -0.699622 0.346726 -0.240296 0.00920535 -0.240293 -0.876167
-0.901778 0.164007 -0.469717 0.060816 0.412931 -0.156369 0.170588 -0.353354 -0.0188792 -0.562279
1.01088 -0.207286 -0.167116 -0.183479 -0.106358 0.33541 0.291812 -0.986369 -0.476987 0.0907343
-0.141211 -0.185593 -1.4757 0.0776992 0.583117 1.00653 0.158433 0.290061 -0.401449 0.365266
-0.557677 -1.30766 -0.132872 0.700524 0.472201 1.02723 -1.01265 0.456738 0.445628 0.978425
-0.0368978 -0.871557 0.334259 0.333017 0.189004 0.0606139 -0.452831 -0.504779 -1.21711 1.46941
-0.159794 -0.393294 0.611204 0.0175435 0.191418 -0.644423 0.0190374 0.669715 0.397753 -1.10758
0.804753 0.564133 0.569788 0.640309 -1.20556 -0.239328 0.0311274 0.545117 -0.359775 -0.599272
1.14167 -0.270383 1.15991 -0.336527 -0.792684 -0.202399 0.320262 -0.423867 0.368116 -0.32205
-0.263816 -1.04739 0.075655 -0.118008 -0.0892959 -0.446616 1.42981 0.924975 -0.456172 -0.536874
1.17657 -0.775117 -0.083129 1.20655 -0.537667 0.0460481 0.192994 0.0688944 -0.906594 0.00732543
0.254394 0.0305457 0.290235 -0.127236 0.760621 -1.62154 -0.485318 0.223745 0.188715 1.10882
0.389983 -0.140186 0.208355 0.284218 -1.02161 0.0940262 -1.03024 0.646275 0.717898 0.380307
1.10216 -0.747562 -0.612322 -0.490714 0.269725 1.08245 0.503591 -0.640456 0.221218 0.225063
0.656784 -0.257017 -0.0707862 -0.245954 -0.168692 0.39296 0.111413 1.67286 -0.834406 -0.783988
-0.704582 0.535307 0.473656 0.580253 -0.446553 0.668856 -0.436373 -0.26912 0.577038 -1.13608
-0.395459 0.546609 0.836145 1.00279 -0.457652 -1.26761 0.787641 -0.883259 -0.249302 -0.544858
-0.386112 -1.13397 0.318074 -0.470374 -1.07142 0.683833 -0.0403481 0.315819 0.538884 0.489079
0.153567 -0.00387061 -0.775113 -0.4149 -0.557791 0.262441 0.91423 0.686835 -0.224116 0.293717
-0.662668 0.224742 0.900831 1.00845 -0.800242 -1.55005 -0.600903 0.719111 0.223457 0.158227
0.920225 1.0125 -0.915215 -0.796605 0.536442 0.0569022 0.309196 -0.332054 -0.95614 0.0381159
0.164668 -1.17848 -0.628034 0.0270462 0.436445 -1.00531 -0.498708 0.409925 0.231962 0.670362
-0.0413593 -0.0624392 0.14834 -0.108671 -0.0834721 0.14302 -0.154351 -0.121661 0.249282 0.0844601
-0.600514 -0.416722 0.89888 1.20494 0.176427 0.0715037 -1.02893 0.816023 0.0319456 -1.15046
0.111778 0.652721 0.125743 0.52098 -0.186322 -1.56909 -0.860352 0.386056 0.149005 0.722989
-0.00424237 0.249818 -0.840477 0.983205 0.047705 0.173175 -0.0798619 0.703087 0.125044 -1.09871
0.270619 0.291311 -0.992951 -0.813152 0.863924 -0.927522 0.214041 -0.50369 0.648804 -0.400453
-0.523252 -1.81284 0.278325 0.30447 0.243623 0.0427176 0.399077 -0.42926 0.224686 0.821317
-0.156515 -0.211336 0.0436894 0.201263 0.0730774 0.298694 0.166383 0.115468 -1.11695 0.823265
0.49394 -0.430204 0.0497386 -0.770521 0.256012 -0.428687 1.45722 -0.610991 0.497378 0.189736
-0.610546 0.396676 -0.858913 -0.257921 -0.150368 0.519132 0.517624 -0.95965 1.18534 -0.177744
-0.0834113 -0.751876 0.86443 0.913847 0.143776 -0.0294875 -1.31525 0.322942 0.699081 -0.777672
-0.468874 0.644821 0.164945 0.436074 0.584418 0.595125 -1.30315 0.115998 -0.585045 0.522608
0.825343 0.0120262 -0.261254 0.35844 -1.72052 0.348148 0.07377 -0.0759045 -0.176318 0.6578
0.485964 -0.0586124 0.449663 -0.574614 0.256985 -0.235787 -0.635589 0.437883 0.238866 -1.30755
-1.16275 -0.700447 -0.663406 0.180077 1.4975 0.520809 -0.749184 -0.738277 0.695858 1.43351
-1.29473 1.07017 -0.246938 0.303022 -0.307504 0.678823 0.493663 -0.27044 0.426265 0.299311
0.832083 0.33257 0.0249786 -0.116314 -0.318757 0.461684 -0.306068 -0.611034 -0.845352 0.190188
-1.00762 0.246819 1.00773 -0.462587 -0.198441 -0.251117 -0.281495 0.104484 -0.0621996 -0.117217
-0.157984 1.29243 0.942755 -0.670114 0.600214 -0.498229 -1.04831 -0.131547 -0.203993 0.564649
-0.0530337 -0.785496 0.597438 -0.577832 1.4291 -0.568145 0.534281 0.20445 -0.614944 -0.335192
-0.686403 0.377467 -0.73222 -0.112897 0.00727012 1.25474 0.248915 0.418871 -0.410872 -0.433511
0.443329 0.48474 -0.423205 -0.280334 0.592465 0.51771 0.696695 -1.90878 0.268448 -0.672078
-0.0828367 0.180727 0.183361 0.0756235 -0.210618 -0.208602 0.234518 -0.139245 -0.0827072 0.288568
-0.451142 -0.445832 0.498142 -0.642028 1.09324 0.156185 -1.54542 0.607663 0.0182633 0.50484
-0.290124 -0.810658 0.072422 1.10775 -0.788902 0.474105 0.143123 -1.09551 1.41783 -0.0886922
0.460445 -0.550397 0.608498 -0.753298 -0.0516688 -0.188145 -0.0577804 0.0363172 0.135318 0.238652
-0.760285 0.361943 -0.587437 1.0367 0.0903236 0.593799 -0.240355 -0.621524 -1.26879 1.06583
-0.100799 -0.252092 0.599242 0.231732 -0.12281 -0.430005 0.238556 1.15782 -0.806385 -0.259268
-1.75088 1.41762 -0.0961578 -0.141777 1.15832 -0.93271 -0.935106 1.21798 -0.533045 0.798161
-0.770209 0.135483 -1.04119 1.46523 -0.488953 1.13374 0.764683 -0.974525 -0.0808237 -0.14249
-0.259652 0.429524 0.382124 0.573044 0.0206834 0.022136 -0.859417 -0.285563 -0.220859 0.494852
-0.0412366 -0.691767 -0.614589 1.0078 0.0461763 0.0993893 -0.248964 -0.244732 -0.405257 0.607897
-0.457759 1.17485 1.58559 -0.319499 -0.589465 0.414462 0.828543 -0.0214935 -0.539258 -1.15596
0.0707435 0.440054 0.201241 -0.00452196 0.129784 -0.269031 0.19729 -0.0975116 -0.0232932 0.0145691
-1.63082 1.76683 0.798136 0.0288532 -0.429243 0.0449985 -0.637255 1.10303 -0.652136 -0.279366
-0.184695 -0.25527 -0.460497 -1.16596 -0.161874 0.968925 1.80811 -0.249256 0.365408 -0.101728
0.0648085 0.474409 -0.535071 -0.0822701 -0.14592 -0.546196 -0.509291 0.457068 0.611317 -0.113594
1 10
-0.491143 -0.580579 -0.277112 0.0498363 0.36311 0.235213 -0.00519844 0.0166544 0.575453 0.113727
